clctCode,clctTime,Rainfall(mm),Waterdepth(meters),Weather,Wind Speed
2D8F6BE7-E40E-4F02-9DB3-A72C2DF7574E,2018-09-19T23:48:46.000Z,0,0,1,0.9
2D8F6BE7-E40E-4F02-9DB3-A72C2DF7574E,2018-09-19T22:48:46.000Z,0,0,1,0.9
2D8F6BE7-E40E-4F02-9DB3-A72C2DF7574E,2018-09-19T21:48:46.000Z,0,0,1,0.9
2D8F6BE7-E40E-4F02-9DB3-A72C2DF7574E,2018-09-19T20:48:46.000Z,0,0,1,0.9
2D8F6BE7-E40E-4F02-9DB3-A72C2DF7574E,2018-09-19T19:48:46.000Z,0,0,1,0.9
2D8F6BE7-E40E-4F02-9DB3-A72C2DF7574E,2018-09-19T18:48:46.000Z,0,0,1,0.9
2D8F6BE7-E40E-4F02-9DB3-A72C2DF7574E,2018-09-19T17:48:46.000Z,0,0,1,0.9
2D8F6BE7-E40E-4F02-9DB3-A72C2DF7574E,2018-09-19T16:48:46.000Z,0,0,1,0.9
2D8F6BE7-E40E-4F02-9DB3-A72C2DF7574E,2018-09-19T15:48:46.000Z,0,0,1,0.9
2D8F6BE7-E40E-4F02-9DB3-A72C2DF7574E,2018-09-19T14:48:46.000Z,0,0,1,0.9
2D8F6BE7-E40E-4F02-9DB3-A72C2DF7574E,2018-09-19T13:48:46.000Z,0,0,1,0.9
2D8F6BE7-E40E-4F02-9DB3-A72C2DF7574E,2018-09-19T12:48:46.000Z,0,0,1,0.9
2D8F6BE7-E40E-4F02-9DB3-A72C2DF7574E,2018-09-19T11:48:46.000Z,0,0,1,0.9
2D8F6BE7-E40E-4F02-9DB3-A72C2DF7574E,2018-09-19T10:48:46.000Z,0,0,1,0.9
2D8F6BE7-E40E-4F02-9DB3-A72C2DF7574E,2018-09-19T09:48:46.000Z,0,0,1,0.9
2D8F6BE7-E40E-4F02-9DB3-A72C2DF7574E,2018-09-19T08:48:46.000Z,0,0,1,0.9
2D8F6BE7-E40E-4F02-9DB3-A72C2DF7574E,2018-09-19T07:48:46.000Z,0,0,1,0.9
2D8F6BE7-E40E-4F02-9DB3-A72C2DF7574E,2018-09-19T07:43:46.000Z,0,0,1,0.9
2D8F6BE7-E40E-4F02-9DB3-A72C2DF7574E,2018-09-19T07:38:46.000Z,0,0,1,0.9
2D8F6BE7-E40E-4F02-9DB3-A72C2DF7574E,2018-09-19T07:33:46.000Z,0,0,1,0.9
2D8F6BE7-E40E-4F02-9DB3-A72C2DF7574E,2018-09-19T07:28:46.000Z,0,0,1,0.9
2D8F6BE7-E40E-4F02-9DB3-A72C2DF7574E,2018-09-19T07:23:46.000Z,0.2,10,1,0.9
2D8F6BE7-E40E-4F02-9DB3-A72C2DF7574E,2018-09-19T07:18:46.000Z,0.8,0,1,0.9
2D8F6BE7-E40E-4F02-9DB3-A72C2DF7574E,2018-09-19T07:13:46.000Z,0,0,1,0.9
2D8F6BE7-E40E-4F02-9DB3-A72C2DF7574E,2018-09-19T07:08:46.000Z,0,10,1,0.9
2D8F6BE7-E40E-4F02-9DB3-A72C2DF7574E,2018-09-19T07:03:46.000Z,0,30,1,0.9
2D8F6BE7-E40E-4F02-9DB3-A72C2DF7574E,2018-09-19T06:58:46.000Z,1.8,30,1,0.9
2D8F6BE7-E40E-4F02-9DB3-A72C2DF7574E,2018-09-19T06:53:46.000Z,7.4,30,1,0.9
2D8F6BE7-E40E-4F02-9DB3-A72C2DF7574E,2018-09-19T06:48:46.000Z,1.4,0,1,0.9
2D8F6BE7-E40E-4F02-9DB3-A72C2DF7574E,2018-09-19T05:48:46.000Z,0,0,1,0.9
2D8F6BE7-E40E-4F02-9DB3-A72C2DF7574E,2018-09-19T04:48:46.000Z,0,0,1,0.9
2D8F6BE7-E40E-4F02-9DB3-A72C2DF7574E,2018-09-19T03:48:46.000Z,0,0,1,0.9
2D8F6BE7-E40E-4F02-9DB3-A72C2DF7574E,2018-09-19T02:48:46.000Z,0,0,1,0.9
2D8F6BE7-E40E-4F02-9DB3-A72C2DF7574E,2018-09-19T01:48:46.000Z,0,0,1,0.9
2D8F6BE7-E40E-4F02-9DB3-A72C2DF7574E,2018-09-19T00:48:46.000Z,0,0,1,0.9
2D8F6BE7-E40E-4F02-9DB3-A72C2DF7574E,2018-09-18T23:48:46.000Z,0,0,1,0.1
2D8F6BE7-E40E-4F02-9DB3-A72C2DF7574E,2018-09-18T22:48:46.000Z,0,0,1,0.1
2D8F6BE7-E40E-4F02-9DB3-A72C2DF7574E,2018-09-18T21:48:46.000Z,0,0,1,0.1
2D8F6BE7-E40E-4F02-9DB3-A72C2DF7574E,2018-09-18T20:48:46.000Z,0,0,1,0.1
2D8F6BE7-E40E-4F02-9DB3-A72C2DF7574E,2018-09-18T19:48:46.000Z,0,0,1,0.1
2D8F6BE7-E40E-4F02-9DB3-A72C2DF7574E,2018-09-18T18:48:46.000Z,0,0,1,0.1
2D8F6BE7-E40E-4F02-9DB3-A72C2DF7574E,2018-09-18T17:48:46.000Z,0,0,1,0.1
2D8F6BE7-E40E-4F02-9DB3-A72C2DF7574E,2018-09-18T16:48:46.000Z,0,0,1,0.1
2D8F6BE7-E40E-4F02-9DB3-A72C2DF7574E,2018-09-18T15:48:46.000Z,0,0,1,0.1
2D8F6BE7-E40E-4F02-9DB3-A72C2DF7574E,2018-09-18T14:48:46.000Z,0,0,1,0.1
2D8F6BE7-E40E-4F02-9DB3-A72C2DF7574E,2018-09-18T13:48:46.000Z,0,0,1,0.1
2D8F6BE7-E40E-4F02-9DB3-A72C2DF7574E,2018-09-18T12:48:46.000Z,0,0,1,0.1
2D8F6BE7-E40E-4F02-9DB3-A72C2DF7574E,2018-09-18T11:48:46.000Z,0,0,1,0.1
2D8F6BE7-E40E-4F02-9DB3-A72C2DF7574E,2018-09-18T10:48:46.000Z,0,0,1,0.1
2D8F6BE7-E40E-4F02-9DB3-A72C2DF7574E,2018-09-18T09:48:46.000Z,0,0,1,0.1
2D8F6BE7-E40E-4F02-9DB3-A72C2DF7574E,2018-09-18T08:48:46.000Z,0,0,1,0.1
2D8F6BE7-E40E-4F02-9DB3-A72C2DF7574E,2018-09-18T07:48:46.000Z,0,0,1,0.1
2D8F6BE7-E40E-4F02-9DB3-A72C2DF7574E,2018-09-18T06:48:46.000Z,0,0,1,0.1
2D8F6BE7-E40E-4F02-9DB3-A72C2DF7574E,2018-09-18T05:48:46.000Z,0,0,1,0.1
2D8F6BE7-E40E-4F02-9DB3-A72C2DF7574E,2018-09-18T04:48:46.000Z,0,0,1,0.1
2D8F6BE7-E40E-4F02-9DB3-A72C2DF7574E,2018-09-18T03:48:46.000Z,0,0,1,0.1
2D8F6BE7-E40E-4F02-9DB3-A72C2DF7574E,2018-09-18T02:48:46.000Z,0,0,1,0.1
2D8F6BE7-E40E-4F02-9DB3-A72C2DF7574E,2018-09-18T01:48:46.000Z,0,0,1,0.1
2D8F6BE7-E40E-4F02-9DB3-A72C2DF7574E,2018-09-18T00:48:46.000Z,0,0,1,0.1
2D8F6BE7-E40E-4F02-9DB3-A72C2DF7574E,2018-09-17T23:48:46.000Z,0,0,2,2.5
2D8F6BE7-E40E-4F02-9DB3-A72C2DF7574E,2018-09-17T22:48:46.000Z,0,0,2,2.5
2D8F6BE7-E40E-4F02-9DB3-A72C2DF7574E,2018-09-17T21:48:46.000Z,0,0,2,2.5
2D8F6BE7-E40E-4F02-9DB3-A72C2DF7574E,2018-09-17T20:48:46.000Z,0,0,2,2.5
2D8F6BE7-E40E-4F02-9DB3-A72C2DF7574E,2018-09-17T19:48:46.000Z,0,0,2,2.5
2D8F6BE7-E40E-4F02-9DB3-A72C2DF7574E,2018-09-17T18:48:46.000Z,0,0,2,2.5
2D8F6BE7-E40E-4F02-9DB3-A72C2DF7574E,2018-09-17T17:48:46.000Z,0,0,2,2.5
2D8F6BE7-E40E-4F02-9DB3-A72C2DF7574E,2018-09-17T16:48:46.000Z,0,0,2,2.5
2D8F6BE7-E40E-4F02-9DB3-A72C2DF7574E,2018-09-17T15:48:46.000Z,0,0,2,2.5
2D8F6BE7-E40E-4F02-9DB3-A72C2DF7574E,2018-09-17T14:48:46.000Z,0,0,2,2.5
2D8F6BE7-E40E-4F02-9DB3-A72C2DF7574E,2018-09-17T13:48:46.000Z,0,0,2,2.5
2D8F6BE7-E40E-4F02-9DB3-A72C2DF7574E,2018-09-17T12:48:46.000Z,0,0,2,2.5
2D8F6BE7-E40E-4F02-9DB3-A72C2DF7574E,2018-09-17T11:48:46.000Z,0,0,2,2.5
2D8F6BE7-E40E-4F02-9DB3-A72C2DF7574E,2018-09-17T10:48:46.000Z,0,0,2,2.5
2D8F6BE7-E40E-4F02-9DB3-A72C2DF7574E,2018-09-17T09:48:46.000Z,0,0,2,2.5
2D8F6BE7-E40E-4F02-9DB3-A72C2DF7574E,2018-09-17T08:48:46.000Z,0,0,2,2.5
2D8F6BE7-E40E-4F02-9DB3-A72C2DF7574E,2018-09-17T07:48:46.000Z,0,0,2,2.5
2D8F6BE7-E40E-4F02-9DB3-A72C2DF7574E,2018-09-17T06:48:46.000Z,0,0,2,2.5
2D8F6BE7-E40E-4F02-9DB3-A72C2DF7574E,2018-09-17T06:08:46.000Z,0,0,2,2.5
2D8F6BE7-E40E-4F02-9DB3-A72C2DF7574E,2018-09-17T06:03:46.000Z,0,0,2,2.5
2D8F6BE7-E40E-4F02-9DB3-A72C2DF7574E,2018-09-17T05:58:46.000Z,0,0,2,2.5
2D8F6BE7-E40E-4F02-9DB3-A72C2DF7574E,2018-09-17T05:53:46.000Z,0,0,2,2.5
2D8F6BE7-E40E-4F02-9DB3-A72C2DF7574E,2018-09-17T05:48:46.000Z,0.2,0,2,2.5
2D8F6BE7-E40E-4F02-9DB3-A72C2DF7574E,2018-09-17T05:43:46.000Z,0,0,2,2.5
2D8F6BE7-E40E-4F02-9DB3-A72C2DF7574E,2018-09-17T05:38:46.000Z,0,0,2,2.5
2D8F6BE7-E40E-4F02-9DB3-A72C2DF7574E,2018-09-17T05:33:46.000Z,0,0,2,2.5
2D8F6BE7-E40E-4F02-9DB3-A72C2DF7574E,2018-09-17T05:28:46.000Z,0.2,0,2,2.5
2D8F6BE7-E40E-4F02-9DB3-A72C2DF7574E,2018-09-17T05:23:46.000Z,0,0,2,2.5
2D8F6BE7-E40E-4F02-9DB3-A72C2DF7574E,2018-09-17T05:18:46.000Z,0.2,0,2,2.5
2D8F6BE7-E40E-4F02-9DB3-A72C2DF7574E,2018-09-17T05:13:46.000Z,0.2,0,2,2.5
2D8F6BE7-E40E-4F02-9DB3-A72C2DF7574E,2018-09-17T05:08:46.000Z,0.2,0,2,2.5
2D8F6BE7-E40E-4F02-9DB3-A72C2DF7574E,2018-09-17T05:03:46.000Z,0.4,10,2,2.5
2D8F6BE7-E40E-4F02-9DB3-A72C2DF7574E,2018-09-17T04:58:46.000Z,1.2,10,2,2.5
2D8F6BE7-E40E-4F02-9DB3-A72C2DF7574E,2018-09-17T04:53:46.000Z,1.8,10,2,2.5
2D8F6BE7-E40E-4F02-9DB3-A72C2DF7574E,2018-09-17T04:48:46.000Z,0.8,10,2,2.5
2D8F6BE7-E40E-4F02-9DB3-A72C2DF7574E,2018-09-17T04:43:46.000Z,0.4,10,2,2.5
2D8F6BE7-E40E-4F02-9DB3-A72C2DF7574E,2018-09-17T04:38:46.000Z,0.8,10,2,2.5
2D8F6BE7-E40E-4F02-9DB3-A72C2DF7574E,2018-09-17T04:33:46.000Z,0.6,10,2,2.5
2D8F6BE7-E40E-4F02-9DB3-A72C2DF7574E,2018-09-17T04:28:46.000Z,0.4,10,2,2.5
2D8F6BE7-E40E-4F02-9DB3-A72C2DF7574E,2018-09-17T04:23:46.000Z,0.4,10,2,2.5
2D8F6BE7-E40E-4F02-9DB3-A72C2DF7574E,2018-09-17T04:18:46.000Z,0.2,10,2,2.5
2D8F6BE7-E40E-4F02-9DB3-A72C2DF7574E,2018-09-17T04:13:46.000Z,0.6,10,2,2.5
2D8F6BE7-E40E-4F02-9DB3-A72C2DF7574E,2018-09-17T04:08:46.000Z,1,10,2,2.5
2D8F6BE7-E40E-4F02-9DB3-A72C2DF7574E,2018-09-17T04:03:46.000Z,0.6,10,2,2.5
2D8F6BE7-E40E-4F02-9DB3-A72C2DF7574E,2018-09-17T03:58:46.000Z,1,10,2,2.5
2D8F6BE7-E40E-4F02-9DB3-A72C2DF7574E,2018-09-17T03:53:46.000Z,0.2,0,2,2.5
2D8F6BE7-E40E-4F02-9DB3-A72C2DF7574E,2018-09-17T03:48:46.000Z,0.2,10,2,2.5
2D8F6BE7-E40E-4F02-9DB3-A72C2DF7574E,2018-09-17T03:43:46.000Z,0.2,10,2,2.5
2D8F6BE7-E40E-4F02-9DB3-A72C2DF7574E,2018-09-17T03:38:46.000Z,0.4,10,2,2.5
2D8F6BE7-E40E-4F02-9DB3-A72C2DF7574E,2018-09-17T03:33:46.000Z,0.4,10,2,2.5
2D8F6BE7-E40E-4F02-9DB3-A72C2DF7574E,2018-09-17T03:28:46.000Z,0.4,40,2,2.5
2D8F6BE7-E40E-4F02-9DB3-A72C2DF7574E,2018-09-17T03:23:46.000Z,0.2,50,2,2.5
2D8F6BE7-E40E-4F02-9DB3-A72C2DF7574E,2018-09-17T03:18:46.000Z,0.4,70,2,2.5
2D8F6BE7-E40E-4F02-9DB3-A72C2DF7574E,2018-09-17T03:13:46.000Z,0.2,90,2,2.5
2D8F6BE7-E40E-4F02-9DB3-A72C2DF7574E,2018-09-17T03:08:46.000Z,0.4,110,2,2.5
2D8F6BE7-E40E-4F02-9DB3-A72C2DF7574E,2018-09-17T03:03:46.000Z,0.2,90,2,2.5
2D8F6BE7-E40E-4F02-9DB3-A72C2DF7574E,2018-09-17T02:58:46.000Z,0.2,110,2,2.5
2D8F6BE7-E40E-4F02-9DB3-A72C2DF7574E,2018-09-17T02:53:46.000Z,0.6,100,2,2.5
2D8F6BE7-E40E-4F02-9DB3-A72C2DF7574E,2018-09-17T02:48:46.000Z,1,110,2,2.5
2D8F6BE7-E40E-4F02-9DB3-A72C2DF7574E,2018-09-17T02:43:46.000Z,1.8,110,2,2.5
2D8F6BE7-E40E-4F02-9DB3-A72C2DF7574E,2018-09-17T02:38:46.000Z,0.6,100,2,2.5
2D8F6BE7-E40E-4F02-9DB3-A72C2DF7574E,2018-09-17T02:33:46.000Z,1,100,2,2.5
2D8F6BE7-E40E-4F02-9DB3-A72C2DF7574E,2018-09-17T02:28:46.000Z,1,110,2,2.5
2D8F6BE7-E40E-4F02-9DB3-A72C2DF7574E,2018-09-17T02:23:46.000Z,1,120,2,2.5
2D8F6BE7-E40E-4F02-9DB3-A72C2DF7574E,2018-09-17T02:18:46.000Z,0.6,120,2,2.5
2D8F6BE7-E40E-4F02-9DB3-A72C2DF7574E,2018-09-17T02:13:46.000Z,2.4,120,2,2.5
2D8F6BE7-E40E-4F02-9DB3-A72C2DF7574E,2018-09-17T02:08:46.000Z,4.6,120,2,2.5
2D8F6BE7-E40E-4F02-9DB3-A72C2DF7574E,2018-09-17T02:03:46.000Z,2.8,120,2,2.5
2D8F6BE7-E40E-4F02-9DB3-A72C2DF7574E,2018-09-17T01:58:46.000Z,2.4,100,2,2.5
2D8F6BE7-E40E-4F02-9DB3-A72C2DF7574E,2018-09-17T01:53:46.000Z,2.8,100,2,2.5
2D8F6BE7-E40E-4F02-9DB3-A72C2DF7574E,2018-09-17T01:48:46.000Z,1.4,80,2,2.5
2D8F6BE7-E40E-4F02-9DB3-A72C2DF7574E,2018-09-17T01:43:46.000Z,1.8,100,2,2.5
2D8F6BE7-E40E-4F02-9DB3-A72C2DF7574E,2018-09-17T01:38:46.000Z,1,100,2,2.5
2D8F6BE7-E40E-4F02-9DB3-A72C2DF7574E,2018-09-17T01:33:46.000Z,0.6,100,2,2.5
2D8F6BE7-E40E-4F02-9DB3-A72C2DF7574E,2018-09-17T01:28:46.000Z,0.4,100,2,2.5
2D8F6BE7-E40E-4F02-9DB3-A72C2DF7574E,2018-09-17T01:23:46.000Z,0.8,100,2,2.5
2D8F6BE7-E40E-4F02-9DB3-A72C2DF7574E,2018-09-17T01:18:46.000Z,0.8,110,2,2.5
2D8F6BE7-E40E-4F02-9DB3-A72C2DF7574E,2018-09-17T01:13:46.000Z,1.6,90,2,2.5
2D8F6BE7-E40E-4F02-9DB3-A72C2DF7574E,2018-09-17T01:08:46.000Z,1.8,100,2,2.5
2D8F6BE7-E40E-4F02-9DB3-A72C2DF7574E,2018-09-17T01:03:46.000Z,1.6,80,2,2.5
2D8F6BE7-E40E-4F02-9DB3-A72C2DF7574E,2018-09-17T00:58:46.000Z,2.8,100,2,2.5
2D8F6BE7-E40E-4F02-9DB3-A72C2DF7574E,2018-09-17T00:53:46.000Z,1.6,100,2,2.5
2D8F6BE7-E40E-4F02-9DB3-A72C2DF7574E,2018-09-17T00:48:46.000Z,2,80,2,2.5
2D8F6BE7-E40E-4F02-9DB3-A72C2DF7574E,2018-09-17T00:43:46.000Z,2,90,2,2.5
2D8F6BE7-E40E-4F02-9DB3-A72C2DF7574E,2018-09-17T00:38:46.000Z,1.8,80,2,2.5
2D8F6BE7-E40E-4F02-9DB3-A72C2DF7574E,2018-09-17T00:33:46.000Z,2,90,2,2.5
2D8F6BE7-E40E-4F02-9DB3-A72C2DF7574E,2018-09-17T00:28:46.000Z,1.6,70,2,2.5
2D8F6BE7-E40E-4F02-9DB3-A72C2DF7574E,2018-09-17T00:23:46.000Z,1.6,80,2,2.5
2D8F6BE7-E40E-4F02-9DB3-A72C2DF7574E,2018-09-17T00:18:46.000Z,2.4,80,2,2.5
2D8F6BE7-E40E-4F02-9DB3-A72C2DF7574E,2018-09-17T00:13:46.000Z,1.4,70,2,2.5
2D8F6BE7-E40E-4F02-9DB3-A72C2DF7574E,2018-09-17T00:08:46.000Z,1.4,70,2,2.5
2D8F6BE7-E40E-4F02-9DB3-A72C2DF7574E,2018-09-17T00:03:46.000Z,3.2,70,2,2.5
2D8F6BE7-E40E-4F02-9DB3-A72C2DF7574E,2018-09-16T23:58:46.000Z,4,50,2,0.9
2D8F6BE7-E40E-4F02-9DB3-A72C2DF7574E,2018-09-16T23:53:46.000Z,5.4,20,2,0.9
2D8F6BE7-E40E-4F02-9DB3-A72C2DF7574E,2018-09-16T23:48:46.000Z,2.6,10,2,0.9
2D8F6BE7-E40E-4F02-9DB3-A72C2DF7574E,2018-09-16T23:43:46.000Z,1,10,2,0.9
2D8F6BE7-E40E-4F02-9DB3-A72C2DF7574E,2018-09-16T23:38:46.000Z,1.2,10,2,0.9
2D8F6BE7-E40E-4F02-9DB3-A72C2DF7574E,2018-09-16T23:33:46.000Z,3.2,20,2,0.9
2D8F6BE7-E40E-4F02-9DB3-A72C2DF7574E,2018-09-16T23:28:46.000Z,0.6,10,2,0.9
2D8F6BE7-E40E-4F02-9DB3-A72C2DF7574E,2018-09-16T23:23:46.000Z,0.2,10,2,0.9
2D8F6BE7-E40E-4F02-9DB3-A72C2DF7574E,2018-09-16T23:18:46.000Z,0.2,10,2,0.9
2D8F6BE7-E40E-4F02-9DB3-A72C2DF7574E,2018-09-16T23:13:46.000Z,0,10,2,0.9
2D8F6BE7-E40E-4F02-9DB3-A72C2DF7574E,2018-09-16T23:08:46.000Z,0.2,10,2,0.9
2D8F6BE7-E40E-4F02-9DB3-A72C2DF7574E,2018-09-16T23:03:46.000Z,0,10,2,0.9
2D8F6BE7-E40E-4F02-9DB3-A72C2DF7574E,2018-09-16T22:58:46.000Z,0.2,10,2,0.9
2D8F6BE7-E40E-4F02-9DB3-A72C2DF7574E,2018-09-16T22:53:46.000Z,0.2,10,2,0.9
2D8F6BE7-E40E-4F02-9DB3-A72C2DF7574E,2018-09-16T22:48:46.000Z,0,10,2,0.9
2D8F6BE7-E40E-4F02-9DB3-A72C2DF7574E,2018-09-16T22:43:46.000Z,0,10,2,0.9
2D8F6BE7-E40E-4F02-9DB3-A72C2DF7574E,2018-09-16T22:38:46.000Z,0.2,10,2,0.9
2D8F6BE7-E40E-4F02-9DB3-A72C2DF7574E,2018-09-16T22:33:46.000Z,0,10,2,0.9
2D8F6BE7-E40E-4F02-9DB3-A72C2DF7574E,2018-09-16T22:28:46.000Z,0,10,2,0.9
2D8F6BE7-E40E-4F02-9DB3-A72C2DF7574E,2018-09-16T22:23:46.000Z,0.2,10,2,0.9
2D8F6BE7-E40E-4F02-9DB3-A72C2DF7574E,2018-09-16T22:18:46.000Z,0.2,10,2,0.9
2D8F6BE7-E40E-4F02-9DB3-A72C2DF7574E,2018-09-16T22:13:46.000Z,0.2,10,2,0.9
2D8F6BE7-E40E-4F02-9DB3-A72C2DF7574E,2018-09-16T22:08:46.000Z,0,10,2,0.9
2D8F6BE7-E40E-4F02-9DB3-A72C2DF7574E,2018-09-16T22:03:46.000Z,0.2,10,2,0.9
2D8F6BE7-E40E-4F02-9DB3-A72C2DF7574E,2018-09-16T21:58:46.000Z,0.2,10,2,0.9
2D8F6BE7-E40E-4F02-9DB3-A72C2DF7574E,2018-09-16T21:53:46.000Z,0.2,10,2,0.9
2D8F6BE7-E40E-4F02-9DB3-A72C2DF7574E,2018-09-16T21:48:46.000Z,0,10,2,0.9
2D8F6BE7-E40E-4F02-9DB3-A72C2DF7574E,2018-09-16T21:43:46.000Z,0.2,10,2,0.9
2D8F6BE7-E40E-4F02-9DB3-A72C2DF7574E,2018-09-16T21:38:46.000Z,0.2,10,2,0.9
2D8F6BE7-E40E-4F02-9DB3-A72C2DF7574E,2018-09-16T21:33:46.000Z,0.2,0,2,0.9
2D8F6BE7-E40E-4F02-9DB3-A72C2DF7574E,2018-09-16T21:28:46.000Z,0.2,0,2,0.9
2D8F6BE7-E40E-4F02-9DB3-A72C2DF7574E,2018-09-16T21:23:46.000Z,0,10,2,0.9
2D8F6BE7-E40E-4F02-9DB3-A72C2DF7574E,2018-09-16T21:18:46.000Z,0,10,2,0.9
2D8F6BE7-E40E-4F02-9DB3-A72C2DF7574E,2018-09-16T21:13:46.000Z,0,10,2,0.9
2D8F6BE7-E40E-4F02-9DB3-A72C2DF7574E,2018-09-16T21:08:46.000Z,0,10,2,0.9
2D8F6BE7-E40E-4F02-9DB3-A72C2DF7574E,2018-09-16T21:03:46.000Z,0.2,10,2,0.9
2D8F6BE7-E40E-4F02-9DB3-A72C2DF7574E,2018-09-16T20:58:46.000Z,0.2,10,2,0.9
2D8F6BE7-E40E-4F02-9DB3-A72C2DF7574E,2018-09-16T20:53:46.000Z,0.2,10,2,0.9
2D8F6BE7-E40E-4F02-9DB3-A72C2DF7574E,2018-09-16T20:48:46.000Z,0.2,10,2,0.9
2D8F6BE7-E40E-4F02-9DB3-A72C2DF7574E,2018-09-16T20:43:46.000Z,0.2,10,2,0.9
2D8F6BE7-E40E-4F02-9DB3-A72C2DF7574E,2018-09-16T20:38:46.000Z,0.4,10,2,0.9
2D8F6BE7-E40E-4F02-9DB3-A72C2DF7574E,2018-09-16T20:33:46.000Z,0.6,10,2,0.9
2D8F6BE7-E40E-4F02-9DB3-A72C2DF7574E,2018-09-16T20:28:46.000Z,0.4,10,2,0.9
2D8F6BE7-E40E-4F02-9DB3-A72C2DF7574E,2018-09-16T20:23:46.000Z,0,10,2,0.9
2D8F6BE7-E40E-4F02-9DB3-A72C2DF7574E,2018-09-16T20:18:46.000Z,0,10,2,0.9
2D8F6BE7-E40E-4F02-9DB3-A72C2DF7574E,2018-09-16T20:13:46.000Z,0.6,10,2,0.9
2D8F6BE7-E40E-4F02-9DB3-A72C2DF7574E,2018-09-16T20:08:46.000Z,0.2,0,2,0.9
2D8F6BE7-E40E-4F02-9DB3-A72C2DF7574E,2018-09-16T19:58:46.000Z,0,0,2,0.9
2D8F6BE7-E40E-4F02-9DB3-A72C2DF7574E,2018-09-16T19:53:46.000Z,0,10,2,0.9
2D8F6BE7-E40E-4F02-9DB3-A72C2DF7574E,2018-09-16T19:48:46.000Z,0,10,2,0.9
2D8F6BE7-E40E-4F02-9DB3-A72C2DF7574E,2018-09-16T19:43:46.000Z,0,10,2,0.9
2D8F6BE7-E40E-4F02-9DB3-A72C2DF7574E,2018-09-16T19:38:46.000Z,0.2,10,2,0.9
2D8F6BE7-E40E-4F02-9DB3-A72C2DF7574E,2018-09-16T19:33:46.000Z,0,10,2,0.9
2D8F6BE7-E40E-4F02-9DB3-A72C2DF7574E,2018-09-16T19:28:46.000Z,0.2,10,2,0.9
2D8F6BE7-E40E-4F02-9DB3-A72C2DF7574E,2018-09-16T19:23:46.000Z,0.2,10,2,0.9
2D8F6BE7-E40E-4F02-9DB3-A72C2DF7574E,2018-09-16T19:18:46.000Z,0.2,10,2,0.9
2D8F6BE7-E40E-4F02-9DB3-A72C2DF7574E,2018-09-16T19:13:46.000Z,0,10,2,0.9
2D8F6BE7-E40E-4F02-9DB3-A72C2DF7574E,2018-09-16T19:08:46.000Z,0.2,10,2,0.9
2D8F6BE7-E40E-4F02-9DB3-A72C2DF7574E,2018-09-16T19:03:46.000Z,0.2,10,2,0.9
2D8F6BE7-E40E-4F02-9DB3-A72C2DF7574E,2018-09-16T18:58:46.000Z,0.2,10,2,0.9
2D8F6BE7-E40E-4F02-9DB3-A72C2DF7574E,2018-09-16T18:53:46.000Z,0.6,10,2,0.9
2D8F6BE7-E40E-4F02-9DB3-A72C2DF7574E,2018-09-16T18:48:46.000Z,1.2,10,2,0.9
2D8F6BE7-E40E-4F02-9DB3-A72C2DF7574E,2018-09-16T18:43:46.000Z,0.8,10,2,0.9
2D8F6BE7-E40E-4F02-9DB3-A72C2DF7574E,2018-09-16T18:38:46.000Z,0.8,10,2,0.9
2D8F6BE7-E40E-4F02-9DB3-A72C2DF7574E,2018-09-16T18:33:46.000Z,1,10,2,0.9
2D8F6BE7-E40E-4F02-9DB3-A72C2DF7574E,2018-09-16T18:28:46.000Z,0.8,10,2,0.9
2D8F6BE7-E40E-4F02-9DB3-A72C2DF7574E,2018-09-16T18:23:46.000Z,1.4,10,2,0.9
2D8F6BE7-E40E-4F02-9DB3-A72C2DF7574E,2018-09-16T18:18:46.000Z,0.4,10,2,0.9
2D8F6BE7-E40E-4F02-9DB3-A72C2DF7574E,2018-09-16T18:13:46.000Z,0.2,10,2,0.9
2D8F6BE7-E40E-4F02-9DB3-A72C2DF7574E,2018-09-16T18:08:46.000Z,0.4,10,2,0.9
2D8F6BE7-E40E-4F02-9DB3-A72C2DF7574E,2018-09-16T18:03:46.000Z,0.4,10,2,0.9
2D8F6BE7-E40E-4F02-9DB3-A72C2DF7574E,2018-09-16T17:58:46.000Z,1.8,10,2,0.9
2D8F6BE7-E40E-4F02-9DB3-A72C2DF7574E,2018-09-16T17:53:46.000Z,0.4,10,2,0.9
2D8F6BE7-E40E-4F02-9DB3-A72C2DF7574E,2018-09-16T17:48:46.000Z,0,10,2,0.9
2D8F6BE7-E40E-4F02-9DB3-A72C2DF7574E,2018-09-16T17:43:46.000Z,1,10,2,0.9
2D8F6BE7-E40E-4F02-9DB3-A72C2DF7574E,2018-09-16T17:38:46.000Z,0.4,0,2,0.9
2D8F6BE7-E40E-4F02-9DB3-A72C2DF7574E,2018-09-16T17:33:46.000Z,0.2,0,2,0.9
2D8F6BE7-E40E-4F02-9DB3-A72C2DF7574E,2018-09-16T16:58:46.000Z,0,0,2,0.9
2D8F6BE7-E40E-4F02-9DB3-A72C2DF7574E,2018-09-16T16:53:46.000Z,0,0,2,0.9
2D8F6BE7-E40E-4F02-9DB3-A72C2DF7574E,2018-09-16T16:48:46.000Z,0,0,2,0.9
2D8F6BE7-E40E-4F02-9DB3-A72C2DF7574E,2018-09-16T16:43:46.000Z,0,10,2,0.9
2D8F6BE7-E40E-4F02-9DB3-A72C2DF7574E,2018-09-16T16:38:46.000Z,0.2,10,2,0.9
2D8F6BE7-E40E-4F02-9DB3-A72C2DF7574E,2018-09-16T16:33:46.000Z,0.2,10,2,0.9
2D8F6BE7-E40E-4F02-9DB3-A72C2DF7574E,2018-09-16T16:28:46.000Z,0,10,2,0.9
2D8F6BE7-E40E-4F02-9DB3-A72C2DF7574E,2018-09-16T16:23:46.000Z,0.2,10,2,0.9
2D8F6BE7-E40E-4F02-9DB3-A72C2DF7574E,2018-09-16T16:18:46.000Z,3.8,20,2,0.9
2D8F6BE7-E40E-4F02-9DB3-A72C2DF7574E,2018-09-16T16:13:46.000Z,1.2,10,2,0.9
2D8F6BE7-E40E-4F02-9DB3-A72C2DF7574E,2018-09-16T16:08:46.000Z,0.2,10,2,0.9
2D8F6BE7-E40E-4F02-9DB3-A72C2DF7574E,2018-09-16T16:03:46.000Z,0,10,2,0.9
2D8F6BE7-E40E-4F02-9DB3-A72C2DF7574E,2018-09-16T15:58:46.000Z,0,10,2,0.9
2D8F6BE7-E40E-4F02-9DB3-A72C2DF7574E,2018-09-16T15:53:46.000Z,0.2,10,2,0.9
2D8F6BE7-E40E-4F02-9DB3-A72C2DF7574E,2018-09-16T15:48:46.000Z,3.4,20,2,0.9
2D8F6BE7-E40E-4F02-9DB3-A72C2DF7574E,2018-09-16T15:43:46.000Z,0.2,0,2,0.9
2D8F6BE7-E40E-4F02-9DB3-A72C2DF7574E,2018-09-16T15:38:46.000Z,0.4,0,2,0.9
2D8F6BE7-E40E-4F02-9DB3-A72C2DF7574E,2018-09-16T15:33:46.000Z,0,0,2,0.9
2D8F6BE7-E40E-4F02-9DB3-A72C2DF7574E,2018-09-16T15:28:46.000Z,0,10,2,0.9
2D8F6BE7-E40E-4F02-9DB3-A72C2DF7574E,2018-09-16T15:23:46.000Z,1,10,2,0.9
2D8F6BE7-E40E-4F02-9DB3-A72C2DF7574E,2018-09-16T15:18:46.000Z,0.2,10,2,0.9
2D8F6BE7-E40E-4F02-9DB3-A72C2DF7574E,2018-09-16T15:13:46.000Z,1,10,2,0.9
2D8F6BE7-E40E-4F02-9DB3-A72C2DF7574E,2018-09-16T15:08:46.000Z,0.4,10,2,0.9
2D8F6BE7-E40E-4F02-9DB3-A72C2DF7574E,2018-09-16T15:03:46.000Z,0.2,10,2,0.9
2D8F6BE7-E40E-4F02-9DB3-A72C2DF7574E,2018-09-16T14:58:46.000Z,0.4,10,2,0.9
2D8F6BE7-E40E-4F02-9DB3-A72C2DF7574E,2018-09-16T14:53:46.000Z,0.6,10,2,0.9
2D8F6BE7-E40E-4F02-9DB3-A72C2DF7574E,2018-09-16T14:48:46.000Z,1.8,0,2,0.9
2D8F6BE7-E40E-4F02-9DB3-A72C2DF7574E,2018-09-16T13:48:46.000Z,0,0,2,0.9
2D8F6BE7-E40E-4F02-9DB3-A72C2DF7574E,2018-09-16T12:48:46.000Z,0,0,2,0.9
2D8F6BE7-E40E-4F02-9DB3-A72C2DF7574E,2018-09-16T11:48:46.000Z,0,0,2,0.9
2D8F6BE7-E40E-4F02-9DB3-A72C2DF7574E,2018-09-16T10:48:46.000Z,0,0,2,0.9
2D8F6BE7-E40E-4F02-9DB3-A72C2DF7574E,2018-09-16T09:48:46.000Z,0,0,2,0.9
2D8F6BE7-E40E-4F02-9DB3-A72C2DF7574E,2018-09-16T08:48:46.000Z,0,0,2,0.9
2D8F6BE7-E40E-4F02-9DB3-A72C2DF7574E,2018-09-16T07:48:46.000Z,0,0,2,0.9
2D8F6BE7-E40E-4F02-9DB3-A72C2DF7574E,2018-09-16T06:48:46.000Z,0,0,2,0.9
2D8F6BE7-E40E-4F02-9DB3-A72C2DF7574E,2018-09-16T05:48:46.000Z,0,0,2,0.9
2D8F6BE7-E40E-4F02-9DB3-A72C2DF7574E,2018-09-16T04:48:46.000Z,0,0,2,0.9
2D8F6BE7-E40E-4F02-9DB3-A72C2DF7574E,2018-09-16T03:48:46.000Z,0,0,2,0.9
2D8F6BE7-E40E-4F02-9DB3-A72C2DF7574E,2018-09-16T02:48:46.000Z,0,0,2,0.9
2D8F6BE7-E40E-4F02-9DB3-A72C2DF7574E,2018-09-16T01:48:46.000Z,0,0,2,0.9
2D8F6BE7-E40E-4F02-9DB3-A72C2DF7574E,2018-09-16T00:48:46.000Z,0,0,2,0.9
2D8F6BE7-E40E-4F02-9DB3-A72C2DF7574E,2018-09-15T23:48:46.000Z,0,0,1,0.1
2D8F6BE7-E40E-4F02-9DB3-A72C2DF7574E,2018-09-15T22:48:46.000Z,0,0,1,0.1
2D8F6BE7-E40E-4F02-9DB3-A72C2DF7574E,2018-09-15T22:43:46.000Z,0,0,1,0.1
2D8F6BE7-E40E-4F02-9DB3-A72C2DF7574E,2018-09-15T22:38:46.000Z,0,0,1,0.1
2D8F6BE7-E40E-4F02-9DB3-A72C2DF7574E,2018-09-15T22:33:46.000Z,0,0,1,0.1
2D8F6BE7-E40E-4F02-9DB3-A72C2DF7574E,2018-09-15T22:28:46.000Z,0.2,0,1,0.1
2D8F6BE7-E40E-4F02-9DB3-A72C2DF7574E,2018-09-15T22:23:46.000Z,1.4,0,1,0.1
2D8F6BE7-E40E-4F02-9DB3-A72C2DF7574E,2018-09-15T21:48:46.000Z,0,0,1,0.1
2D8F6BE7-E40E-4F02-9DB3-A72C2DF7574E,2018-09-15T20:48:46.000Z,0,0,1,0.1
2D8F6BE7-E40E-4F02-9DB3-A72C2DF7574E,2018-09-15T19:48:46.000Z,0,0,1,0.1
2D8F6BE7-E40E-4F02-9DB3-A72C2DF7574E,2018-09-15T18:48:46.000Z,0,0,1,0.1
2D8F6BE7-E40E-4F02-9DB3-A72C2DF7574E,2018-09-15T17:48:46.000Z,0,0,1,0.1
2D8F6BE7-E40E-4F02-9DB3-A72C2DF7574E,2018-09-15T16:48:46.000Z,0,0,1,0.1
2D8F6BE7-E40E-4F02-9DB3-A72C2DF7574E,2018-09-15T15:48:46.000Z,0,0,1,0.1
2D8F6BE7-E40E-4F02-9DB3-A72C2DF7574E,2018-09-15T14:48:46.000Z,0,0,1,0.1
2D8F6BE7-E40E-4F02-9DB3-A72C2DF7574E,2018-09-15T13:48:46.000Z,0,0,1,0.1
2D8F6BE7-E40E-4F02-9DB3-A72C2DF7574E,2018-09-15T12:48:46.000Z,0,0,1,0.1
2D8F6BE7-E40E-4F02-9DB3-A72C2DF7574E,2018-09-15T11:48:46.000Z,0,0,1,0.1
2D8F6BE7-E40E-4F02-9DB3-A72C2DF7574E,2018-09-15T10:48:46.000Z,0,0,1,0.1
2D8F6BE7-E40E-4F02-9DB3-A72C2DF7574E,2018-09-15T09:48:46.000Z,0,0,1,0.1
2D8F6BE7-E40E-4F02-9DB3-A72C2DF7574E,2018-09-15T08:48:46.000Z,0,0,1,0.1
2D8F6BE7-E40E-4F02-9DB3-A72C2DF7574E,2018-09-15T07:48:46.000Z,0,0,1,0.1
2D8F6BE7-E40E-4F02-9DB3-A72C2DF7574E,2018-09-15T06:48:46.000Z,0,0,1,0.1
2D8F6BE7-E40E-4F02-9DB3-A72C2DF7574E,2018-09-15T05:48:46.000Z,0,0,1,0.1
2D8F6BE7-E40E-4F02-9DB3-A72C2DF7574E,2018-09-15T04:48:46.000Z,0,0,1,0.1
2D8F6BE7-E40E-4F02-9DB3-A72C2DF7574E,2018-09-15T03:48:46.000Z,0,0,1,0.1
2D8F6BE7-E40E-4F02-9DB3-A72C2DF7574E,2018-09-15T02:48:46.000Z,0,0,1,0.1
2D8F6BE7-E40E-4F02-9DB3-A72C2DF7574E,2018-09-15T01:48:46.000Z,0,0,1,0.1
2D8F6BE7-E40E-4F02-9DB3-A72C2DF7574E,2018-09-15T00:48:46.000Z,0,0,1,0.1
2D8F6BE7-E40E-4F02-9DB3-A72C2DF7574E,2018-09-14T23:48:46.000Z,0,0,1,2.5
2D8F6BE7-E40E-4F02-9DB3-A72C2DF7574E,2018-09-14T22:48:46.000Z,0,0,1,2.5
2D8F6BE7-E40E-4F02-9DB3-A72C2DF7574E,2018-09-14T21:48:46.000Z,0,0,1,2.5
2D8F6BE7-E40E-4F02-9DB3-A72C2DF7574E,2018-09-14T20:48:46.000Z,0,0,1,2.5
2D8F6BE7-E40E-4F02-9DB3-A72C2DF7574E,2018-09-14T19:48:46.000Z,0,0,1,2.5
2D8F6BE7-E40E-4F02-9DB3-A72C2DF7574E,2018-09-14T18:48:46.000Z,0,0,1,2.5
2D8F6BE7-E40E-4F02-9DB3-A72C2DF7574E,2018-09-14T17:48:46.000Z,0,0,1,2.5
2D8F6BE7-E40E-4F02-9DB3-A72C2DF7574E,2018-09-14T16:48:46.000Z,0,0,1,2.5
2D8F6BE7-E40E-4F02-9DB3-A72C2DF7574E,2018-09-14T15:48:46.000Z,0,0,1,2.5
2D8F6BE7-E40E-4F02-9DB3-A72C2DF7574E,2018-09-14T14:48:46.000Z,0,0,1,2.5
2D8F6BE7-E40E-4F02-9DB3-A72C2DF7574E,2018-09-14T13:48:46.000Z,0,0,1,2.5
2D8F6BE7-E40E-4F02-9DB3-A72C2DF7574E,2018-09-14T12:48:46.000Z,0,0,1,2.5
2D8F6BE7-E40E-4F02-9DB3-A72C2DF7574E,2018-09-14T11:48:46.000Z,0,0,1,2.5
2D8F6BE7-E40E-4F02-9DB3-A72C2DF7574E,2018-09-14T10:48:46.000Z,0,0,1,2.5
2D8F6BE7-E40E-4F02-9DB3-A72C2DF7574E,2018-09-14T09:48:46.000Z,0,0,1,2.5
2D8F6BE7-E40E-4F02-9DB3-A72C2DF7574E,2018-09-14T08:48:46.000Z,0,0,1,2.5
2D8F6BE7-E40E-4F02-9DB3-A72C2DF7574E,2018-09-14T07:48:46.000Z,0,0,1,2.5
2D8F6BE7-E40E-4F02-9DB3-A72C2DF7574E,2018-09-14T06:48:46.000Z,0,0,1,2.5
2D8F6BE7-E40E-4F02-9DB3-A72C2DF7574E,2018-09-14T05:48:46.000Z,0,0,1,2.5
2D8F6BE7-E40E-4F02-9DB3-A72C2DF7574E,2018-09-14T04:48:46.000Z,0,0,1,2.5
2D8F6BE7-E40E-4F02-9DB3-A72C2DF7574E,2018-09-14T03:48:46.000Z,0,0,1,2.5
2D8F6BE7-E40E-4F02-9DB3-A72C2DF7574E,2018-09-14T02:48:46.000Z,0,0,1,2.5
2D8F6BE7-E40E-4F02-9DB3-A72C2DF7574E,2018-09-14T01:48:46.000Z,0,0,1,2.5
2D8F6BE7-E40E-4F02-9DB3-A72C2DF7574E,2018-09-14T00:48:46.000Z,0,0,1,2.5
2D8F6BE7-E40E-4F02-9DB3-A72C2DF7574E,2018-09-13T23:48:46.000Z,0,0,2,0.1
2D8F6BE7-E40E-4F02-9DB3-A72C2DF7574E,2018-09-13T22:48:46.000Z,0,0,2,0.1
2D8F6BE7-E40E-4F02-9DB3-A72C2DF7574E,2018-09-13T21:48:46.000Z,0,0,2,0.1
2D8F6BE7-E40E-4F02-9DB3-A72C2DF7574E,2018-09-13T20:48:46.000Z,0,0,2,0.1
2D8F6BE7-E40E-4F02-9DB3-A72C2DF7574E,2018-09-13T19:48:46.000Z,0,0,2,0.1
2D8F6BE7-E40E-4F02-9DB3-A72C2DF7574E,2018-09-13T18:48:46.000Z,0,0,2,0.1
2D8F6BE7-E40E-4F02-9DB3-A72C2DF7574E,2018-09-13T17:48:46.000Z,0,0,2,0.1
2D8F6BE7-E40E-4F02-9DB3-A72C2DF7574E,2018-09-13T16:48:46.000Z,0,0,2,0.1
2D8F6BE7-E40E-4F02-9DB3-A72C2DF7574E,2018-09-13T15:48:46.000Z,0,0,2,0.1
2D8F6BE7-E40E-4F02-9DB3-A72C2DF7574E,2018-09-13T14:48:46.000Z,0,0,2,0.1
2D8F6BE7-E40E-4F02-9DB3-A72C2DF7574E,2018-09-13T13:48:46.000Z,0,0,2,0.1
2D8F6BE7-E40E-4F02-9DB3-A72C2DF7574E,2018-09-13T12:48:46.000Z,0,0,2,0.1
2D8F6BE7-E40E-4F02-9DB3-A72C2DF7574E,2018-09-13T11:48:46.000Z,0,0,2,0.1
2D8F6BE7-E40E-4F02-9DB3-A72C2DF7574E,2018-09-13T10:48:46.000Z,0,0,2,0.1
2D8F6BE7-E40E-4F02-9DB3-A72C2DF7574E,2018-09-13T09:48:46.000Z,0,0,2,0.1
2D8F6BE7-E40E-4F02-9DB3-A72C2DF7574E,2018-09-13T08:48:46.000Z,0,0,2,0.1
2D8F6BE7-E40E-4F02-9DB3-A72C2DF7574E,2018-09-13T07:48:46.000Z,0,0,2,0.1
2D8F6BE7-E40E-4F02-9DB3-A72C2DF7574E,2018-09-13T06:48:46.000Z,0,0,2,0.1
2D8F6BE7-E40E-4F02-9DB3-A72C2DF7574E,2018-09-13T05:48:46.000Z,0,0,2,0.1
2D8F6BE7-E40E-4F02-9DB3-A72C2DF7574E,2018-09-13T04:48:46.000Z,0,0,2,0.1
2D8F6BE7-E40E-4F02-9DB3-A72C2DF7574E,2018-09-13T03:48:46.000Z,0,0,2,0.1
2D8F6BE7-E40E-4F02-9DB3-A72C2DF7574E,2018-09-13T02:48:46.000Z,0,0,2,0.1
2D8F6BE7-E40E-4F02-9DB3-A72C2DF7574E,2018-09-13T01:48:46.000Z,0,0,2,0.1
2D8F6BE7-E40E-4F02-9DB3-A72C2DF7574E,2018-09-13T00:48:46.000Z,0,0,2,0.1
2D8F6BE7-E40E-4F02-9DB3-A72C2DF7574E,2018-09-12T23:48:46.000Z,0,0,2,2.5
2D8F6BE7-E40E-4F02-9DB3-A72C2DF7574E,2018-09-12T22:48:46.000Z,0,0,2,2.5
2D8F6BE7-E40E-4F02-9DB3-A72C2DF7574E,2018-09-12T21:48:46.000Z,0,0,2,2.5
2D8F6BE7-E40E-4F02-9DB3-A72C2DF7574E,2018-09-12T20:48:46.000Z,0,0,2,2.5
2D8F6BE7-E40E-4F02-9DB3-A72C2DF7574E,2018-09-12T19:48:46.000Z,0,0,2,2.5
2D8F6BE7-E40E-4F02-9DB3-A72C2DF7574E,2018-09-12T18:48:46.000Z,0,0,2,2.5
2D8F6BE7-E40E-4F02-9DB3-A72C2DF7574E,2018-09-12T17:48:46.000Z,0,0,2,2.5
2D8F6BE7-E40E-4F02-9DB3-A72C2DF7574E,2018-09-12T16:48:46.000Z,0,0,2,2.5
2D8F6BE7-E40E-4F02-9DB3-A72C2DF7574E,2018-09-12T15:48:46.000Z,0,0,2,2.5
2D8F6BE7-E40E-4F02-9DB3-A72C2DF7574E,2018-09-12T14:48:46.000Z,0,0,2,2.5
2D8F6BE7-E40E-4F02-9DB3-A72C2DF7574E,2018-09-12T13:48:46.000Z,0,0,2,2.5
2D8F6BE7-E40E-4F02-9DB3-A72C2DF7574E,2018-09-12T12:48:46.000Z,0,0,2,2.5
2D8F6BE7-E40E-4F02-9DB3-A72C2DF7574E,2018-09-12T11:48:46.000Z,0,0,2,2.5
2D8F6BE7-E40E-4F02-9DB3-A72C2DF7574E,2018-09-12T10:48:46.000Z,0,0,2,2.5
2D8F6BE7-E40E-4F02-9DB3-A72C2DF7574E,2018-09-12T09:48:46.000Z,0,0,2,2.5
2D8F6BE7-E40E-4F02-9DB3-A72C2DF7574E,2018-09-12T08:48:46.000Z,0,0,2,2.5
2D8F6BE7-E40E-4F02-9DB3-A72C2DF7574E,2018-09-12T07:53:46.000Z,0,0,2,2.5
2D8F6BE7-E40E-4F02-9DB3-A72C2DF7574E,2018-09-12T07:48:46.000Z,0,0,2,2.5
2D8F6BE7-E40E-4F02-9DB3-A72C2DF7574E,2018-09-12T07:43:46.000Z,0,0,2,2.5
2D8F6BE7-E40E-4F02-9DB3-A72C2DF7574E,2018-09-12T07:38:46.000Z,0,0,2,2.5
2D8F6BE7-E40E-4F02-9DB3-A72C2DF7574E,2018-09-12T07:33:46.000Z,0.2,0,2,2.5
2D8F6BE7-E40E-4F02-9DB3-A72C2DF7574E,2018-09-12T07:28:46.000Z,0,0,2,2.5
2D8F6BE7-E40E-4F02-9DB3-A72C2DF7574E,2018-09-12T07:23:46.000Z,0,0,2,2.5
2D8F6BE7-E40E-4F02-9DB3-A72C2DF7574E,2018-09-12T07:18:46.000Z,0,0,2,2.5
2D8F6BE7-E40E-4F02-9DB3-A72C2DF7574E,2018-09-12T07:13:46.000Z,0,0,2,2.5
2D8F6BE7-E40E-4F02-9DB3-A72C2DF7574E,2018-09-12T07:08:46.000Z,0.2,0,2,2.5
2D8F6BE7-E40E-4F02-9DB3-A72C2DF7574E,2018-09-12T07:03:46.000Z,0,0,2,2.5
2D8F6BE7-E40E-4F02-9DB3-A72C2DF7574E,2018-09-12T06:58:46.000Z,0.2,0,2,2.5
2D8F6BE7-E40E-4F02-9DB3-A72C2DF7574E,2018-09-12T06:53:46.000Z,0.2,0,2,2.5
2D8F6BE7-E40E-4F02-9DB3-A72C2DF7574E,2018-09-12T06:48:46.000Z,0,0,2,2.5
2D8F6BE7-E40E-4F02-9DB3-A72C2DF7574E,2018-09-12T06:43:46.000Z,0,0,2,2.5
2D8F6BE7-E40E-4F02-9DB3-A72C2DF7574E,2018-09-12T06:38:46.000Z,0.2,0,2,2.5
2D8F6BE7-E40E-4F02-9DB3-A72C2DF7574E,2018-09-12T06:33:46.000Z,0.2,0,2,2.5
2D8F6BE7-E40E-4F02-9DB3-A72C2DF7574E,2018-09-12T05:48:46.000Z,0,0,2,2.5
2D8F6BE7-E40E-4F02-9DB3-A72C2DF7574E,2018-09-12T04:48:46.000Z,0,0,2,2.5
2D8F6BE7-E40E-4F02-9DB3-A72C2DF7574E,2018-09-12T03:48:46.000Z,0,0,2,2.5
2D8F6BE7-E40E-4F02-9DB3-A72C2DF7574E,2018-09-12T02:48:46.000Z,0,0,2,2.5
2D8F6BE7-E40E-4F02-9DB3-A72C2DF7574E,2018-09-12T01:48:46.000Z,0,0,2,2.5
2D8F6BE7-E40E-4F02-9DB3-A72C2DF7574E,2018-09-12T01:38:46.000Z,0,0,2,2.5
2D8F6BE7-E40E-4F02-9DB3-A72C2DF7574E,2018-09-12T01:33:46.000Z,0,0,2,2.5
2D8F6BE7-E40E-4F02-9DB3-A72C2DF7574E,2018-09-12T01:28:46.000Z,0,0,2,2.5
2D8F6BE7-E40E-4F02-9DB3-A72C2DF7574E,2018-09-12T01:23:46.000Z,0,0,2,2.5
2D8F6BE7-E40E-4F02-9DB3-A72C2DF7574E,2018-09-12T01:18:46.000Z,0.2,0,2,2.5
2D8F6BE7-E40E-4F02-9DB3-A72C2DF7574E,2018-09-12T01:13:46.000Z,0,0,2,2.5
2D8F6BE7-E40E-4F02-9DB3-A72C2DF7574E,2018-09-12T01:08:46.000Z,0,0,2,2.5
2D8F6BE7-E40E-4F02-9DB3-A72C2DF7574E,2018-09-12T01:03:46.000Z,0.2,0,2,2.5
2D8F6BE7-E40E-4F02-9DB3-A72C2DF7574E,2018-09-12T00:48:46.000Z,0,0,2,2.5
2D8F6BE7-E40E-4F02-9DB3-A72C2DF7574E,2018-09-11T23:48:46.000Z,0,0,3,2.5
2D8F6BE7-E40E-4F02-9DB3-A72C2DF7574E,2018-09-11T23:18:46.000Z,0,0,3,2.5
2D8F6BE7-E40E-4F02-9DB3-A72C2DF7574E,2018-09-11T23:13:46.000Z,0,0,3,2.5
2D8F6BE7-E40E-4F02-9DB3-A72C2DF7574E,2018-09-11T23:08:46.000Z,0,0,3,2.5
2D8F6BE7-E40E-4F02-9DB3-A72C2DF7574E,2018-09-11T23:03:46.000Z,0,0,3,2.5
2D8F6BE7-E40E-4F02-9DB3-A72C2DF7574E,2018-09-11T22:58:46.000Z,0.2,0,3,2.5
2D8F6BE7-E40E-4F02-9DB3-A72C2DF7574E,2018-09-11T22:53:46.000Z,0,0,3,2.5
2D8F6BE7-E40E-4F02-9DB3-A72C2DF7574E,2018-09-11T22:48:46.000Z,0.2,0,3,2.5
2D8F6BE7-E40E-4F02-9DB3-A72C2DF7574E,2018-09-11T21:48:46.000Z,0,0,3,2.5
2D8F6BE7-E40E-4F02-9DB3-A72C2DF7574E,2018-09-11T20:48:46.000Z,0,0,3,2.5
2D8F6BE7-E40E-4F02-9DB3-A72C2DF7574E,2018-09-11T20:08:46.000Z,0,0,3,2.5
2D8F6BE7-E40E-4F02-9DB3-A72C2DF7574E,2018-09-11T20:03:46.000Z,0,0,3,2.5
2D8F6BE7-E40E-4F02-9DB3-A72C2DF7574E,2018-09-11T19:58:46.000Z,0,0,3,2.5
2D8F6BE7-E40E-4F02-9DB3-A72C2DF7574E,2018-09-11T19:53:46.000Z,0,0,3,2.5
2D8F6BE7-E40E-4F02-9DB3-A72C2DF7574E,2018-09-11T19:48:46.000Z,0.2,0,3,2.5
2D8F6BE7-E40E-4F02-9DB3-A72C2DF7574E,2018-09-11T18:48:46.000Z,0,0,3,2.5
2D8F6BE7-E40E-4F02-9DB3-A72C2DF7574E,2018-09-11T17:48:46.000Z,0,0,3,2.5
2D8F6BE7-E40E-4F02-9DB3-A72C2DF7574E,2018-09-11T17:33:46.000Z,0,0,3,2.5
2D8F6BE7-E40E-4F02-9DB3-A72C2DF7574E,2018-09-11T17:28:46.000Z,0,0,3,2.5
2D8F6BE7-E40E-4F02-9DB3-A72C2DF7574E,2018-09-11T17:23:46.000Z,0,0,3,2.5
2D8F6BE7-E40E-4F02-9DB3-A72C2DF7574E,2018-09-11T17:18:46.000Z,0,0,3,2.5
2D8F6BE7-E40E-4F02-9DB3-A72C2DF7574E,2018-09-11T17:13:46.000Z,0.2,0,3,2.5
2D8F6BE7-E40E-4F02-9DB3-A72C2DF7574E,2018-09-11T17:08:46.000Z,0.4,0,3,2.5
2D8F6BE7-E40E-4F02-9DB3-A72C2DF7574E,2018-09-11T17:03:46.000Z,0,0,3,2.5
2D8F6BE7-E40E-4F02-9DB3-A72C2DF7574E,2018-09-11T16:58:46.000Z,0,0,3,2.5
2D8F6BE7-E40E-4F02-9DB3-A72C2DF7574E,2018-09-11T16:53:46.000Z,0,0,3,2.5
2D8F6BE7-E40E-4F02-9DB3-A72C2DF7574E,2018-09-11T16:48:46.000Z,0,0,3,2.5
2D8F6BE7-E40E-4F02-9DB3-A72C2DF7574E,2018-09-11T16:43:46.000Z,0.2,0,3,2.5
2D8F6BE7-E40E-4F02-9DB3-A72C2DF7574E,2018-09-11T16:38:46.000Z,0.2,0,3,2.5
2D8F6BE7-E40E-4F02-9DB3-A72C2DF7574E,2018-09-11T15:48:46.000Z,0,0,3,2.5
2D8F6BE7-E40E-4F02-9DB3-A72C2DF7574E,2018-09-11T14:48:46.000Z,0,0,3,2.5
2D8F6BE7-E40E-4F02-9DB3-A72C2DF7574E,2018-09-11T13:48:46.000Z,0,0,3,2.5
2D8F6BE7-E40E-4F02-9DB3-A72C2DF7574E,2018-09-11T13:13:46.000Z,0,0,3,2.5
2D8F6BE7-E40E-4F02-9DB3-A72C2DF7574E,2018-09-11T13:08:46.000Z,0,0,3,2.5
2D8F6BE7-E40E-4F02-9DB3-A72C2DF7574E,2018-09-11T13:03:46.000Z,0,0,3,2.5
2D8F6BE7-E40E-4F02-9DB3-A72C2DF7574E,2018-09-11T12:58:46.000Z,0,0,3,2.5
2D8F6BE7-E40E-4F02-9DB3-A72C2DF7574E,2018-09-11T12:53:46.000Z,0.2,0,3,2.5
2D8F6BE7-E40E-4F02-9DB3-A72C2DF7574E,2018-09-11T12:48:46.000Z,0,10,3,2.5
2D8F6BE7-E40E-4F02-9DB3-A72C2DF7574E,2018-09-11T12:43:46.000Z,0,10,3,2.5
2D8F6BE7-E40E-4F02-9DB3-A72C2DF7574E,2018-09-11T12:38:46.000Z,0,10,3,2.5
2D8F6BE7-E40E-4F02-9DB3-A72C2DF7574E,2018-09-11T12:33:46.000Z,0.4,10,3,2.5
2D8F6BE7-E40E-4F02-9DB3-A72C2DF7574E,2018-09-11T12:28:46.000Z,0.2,10,3,2.5
2D8F6BE7-E40E-4F02-9DB3-A72C2DF7574E,2018-09-11T12:23:46.000Z,0,10,3,2.5
2D8F6BE7-E40E-4F02-9DB3-A72C2DF7574E,2018-09-11T12:18:46.000Z,0.2,10,3,2.5
2D8F6BE7-E40E-4F02-9DB3-A72C2DF7574E,2018-09-11T12:13:46.000Z,0.2,10,3,2.5
2D8F6BE7-E40E-4F02-9DB3-A72C2DF7574E,2018-09-11T12:08:46.000Z,0.2,10,3,2.5
2D8F6BE7-E40E-4F02-9DB3-A72C2DF7574E,2018-09-11T12:03:46.000Z,0,10,3,2.5
2D8F6BE7-E40E-4F02-9DB3-A72C2DF7574E,2018-09-11T11:58:46.000Z,0.2,10,3,2.5
2D8F6BE7-E40E-4F02-9DB3-A72C2DF7574E,2018-09-11T11:53:46.000Z,0.2,10,3,2.5
2D8F6BE7-E40E-4F02-9DB3-A72C2DF7574E,2018-09-11T11:48:46.000Z,0.6,10,3,2.5
2D8F6BE7-E40E-4F02-9DB3-A72C2DF7574E,2018-09-11T11:43:46.000Z,0.6,10,3,2.5
2D8F6BE7-E40E-4F02-9DB3-A72C2DF7574E,2018-09-11T11:38:46.000Z,0.6,10,3,2.5
2D8F6BE7-E40E-4F02-9DB3-A72C2DF7574E,2018-09-11T11:33:46.000Z,0.8,10,3,2.5
2D8F6BE7-E40E-4F02-9DB3-A72C2DF7574E,2018-09-11T11:28:46.000Z,0.6,10,3,2.5
2D8F6BE7-E40E-4F02-9DB3-A72C2DF7574E,2018-09-11T11:23:46.000Z,0.4,10,3,2.5
2D8F6BE7-E40E-4F02-9DB3-A72C2DF7574E,2018-09-11T11:18:46.000Z,0.6,10,3,2.5
2D8F6BE7-E40E-4F02-9DB3-A72C2DF7574E,2018-09-11T11:13:46.000Z,0.4,10,3,2.5
2D8F6BE7-E40E-4F02-9DB3-A72C2DF7574E,2018-09-11T11:08:46.000Z,0.6,10,3,2.5
2D8F6BE7-E40E-4F02-9DB3-A72C2DF7574E,2018-09-11T11:03:46.000Z,0.8,0,3,2.5
2D8F6BE7-E40E-4F02-9DB3-A72C2DF7574E,2018-09-11T10:58:46.000Z,0.4,0,3,2.5
2D8F6BE7-E40E-4F02-9DB3-A72C2DF7574E,2018-09-11T10:53:46.000Z,0.2,0,3,2.5
2D8F6BE7-E40E-4F02-9DB3-A72C2DF7574E,2018-09-11T10:48:46.000Z,0.4,0,3,2.5
2D8F6BE7-E40E-4F02-9DB3-A72C2DF7574E,2018-09-11T10:43:46.000Z,0.4,0,3,2.5
2D8F6BE7-E40E-4F02-9DB3-A72C2DF7574E,2018-09-11T10:38:46.000Z,0.4,0,3,2.5
2D8F6BE7-E40E-4F02-9DB3-A72C2DF7574E,2018-09-11T10:33:46.000Z,0.4,0,3,2.5
2D8F6BE7-E40E-4F02-9DB3-A72C2DF7574E,2018-09-11T10:28:46.000Z,0.2,0,3,2.5
2D8F6BE7-E40E-4F02-9DB3-A72C2DF7574E,2018-09-11T10:23:46.000Z,0.2,0,3,2.5
2D8F6BE7-E40E-4F02-9DB3-A72C2DF7574E,2018-09-11T10:18:46.000Z,0,0,3,2.5
2D8F6BE7-E40E-4F02-9DB3-A72C2DF7574E,2018-09-11T10:13:46.000Z,0,0,3,2.5
2D8F6BE7-E40E-4F02-9DB3-A72C2DF7574E,2018-09-11T10:08:46.000Z,0.2,0,3,2.5
2D8F6BE7-E40E-4F02-9DB3-A72C2DF7574E,2018-09-11T10:03:46.000Z,0,0,3,2.5
2D8F6BE7-E40E-4F02-9DB3-A72C2DF7574E,2018-09-11T09:58:46.000Z,0.2,0,3,2.5
2D8F6BE7-E40E-4F02-9DB3-A72C2DF7574E,2018-09-11T09:48:46.000Z,0,0,3,2.5
2D8F6BE7-E40E-4F02-9DB3-A72C2DF7574E,2018-09-11T09:43:46.000Z,0,0,3,2.5
2D8F6BE7-E40E-4F02-9DB3-A72C2DF7574E,2018-09-11T09:38:46.000Z,0,0,3,2.5
2D8F6BE7-E40E-4F02-9DB3-A72C2DF7574E,2018-09-11T09:33:46.000Z,0,0,3,2.5
2D8F6BE7-E40E-4F02-9DB3-A72C2DF7574E,2018-09-11T09:28:46.000Z,0,0,3,2.5
2D8F6BE7-E40E-4F02-9DB3-A72C2DF7574E,2018-09-11T09:23:46.000Z,0.2,0,3,2.5
2D8F6BE7-E40E-4F02-9DB3-A72C2DF7574E,2018-09-11T09:18:46.000Z,0,0,3,2.5
2D8F6BE7-E40E-4F02-9DB3-A72C2DF7574E,2018-09-11T09:13:46.000Z,0,0,3,2.5
2D8F6BE7-E40E-4F02-9DB3-A72C2DF7574E,2018-09-11T09:08:46.000Z,0.2,0,3,2.5
2D8F6BE7-E40E-4F02-9DB3-A72C2DF7574E,2018-09-11T08:48:46.000Z,0,0,3,2.5
2D8F6BE7-E40E-4F02-9DB3-A72C2DF7574E,2018-09-11T08:28:46.000Z,0,0,3,2.5
2D8F6BE7-E40E-4F02-9DB3-A72C2DF7574E,2018-09-11T08:23:46.000Z,0,0,3,2.5
2D8F6BE7-E40E-4F02-9DB3-A72C2DF7574E,2018-09-11T08:18:46.000Z,0,0,3,2.5
2D8F6BE7-E40E-4F02-9DB3-A72C2DF7574E,2018-09-11T08:13:46.000Z,0,0,3,2.5
2D8F6BE7-E40E-4F02-9DB3-A72C2DF7574E,2018-09-11T08:08:46.000Z,0.2,0,3,2.5
2D8F6BE7-E40E-4F02-9DB3-A72C2DF7574E,2018-09-11T07:48:46.000Z,0,0,3,2.5
2D8F6BE7-E40E-4F02-9DB3-A72C2DF7574E,2018-09-11T07:38:46.000Z,0,0,3,2.5
2D8F6BE7-E40E-4F02-9DB3-A72C2DF7574E,2018-09-11T07:33:46.000Z,0,0,3,2.5
2D8F6BE7-E40E-4F02-9DB3-A72C2DF7574E,2018-09-11T07:28:46.000Z,0,0,3,2.5
2D8F6BE7-E40E-4F02-9DB3-A72C2DF7574E,2018-09-11T07:23:46.000Z,0,0,3,2.5
2D8F6BE7-E40E-4F02-9DB3-A72C2DF7574E,2018-09-11T07:18:46.000Z,0.4,0,3,2.5
2D8F6BE7-E40E-4F02-9DB3-A72C2DF7574E,2018-09-11T07:13:46.000Z,0.2,0,3,2.5
2D8F6BE7-E40E-4F02-9DB3-A72C2DF7574E,2018-09-11T07:08:46.000Z,0,0,3,2.5
2D8F6BE7-E40E-4F02-9DB3-A72C2DF7574E,2018-09-11T07:03:46.000Z,0.4,0,3,2.5
2D8F6BE7-E40E-4F02-9DB3-A72C2DF7574E,2018-09-11T06:58:46.000Z,0,0,3,2.5
2D8F6BE7-E40E-4F02-9DB3-A72C2DF7574E,2018-09-11T06:53:46.000Z,0,0,3,2.5
2D8F6BE7-E40E-4F02-9DB3-A72C2DF7574E,2018-09-11T06:48:46.000Z,0,0,3,2.5
2D8F6BE7-E40E-4F02-9DB3-A72C2DF7574E,2018-09-11T06:43:46.000Z,0.2,0,3,2.5
2D8F6BE7-E40E-4F02-9DB3-A72C2DF7574E,2018-09-11T06:38:46.000Z,0.2,0,3,2.5
2D8F6BE7-E40E-4F02-9DB3-A72C2DF7574E,2018-09-11T06:33:46.000Z,0.2,0,3,2.5
2D8F6BE7-E40E-4F02-9DB3-A72C2DF7574E,2018-09-11T06:28:46.000Z,0.2,10,3,2.5
2D8F6BE7-E40E-4F02-9DB3-A72C2DF7574E,2018-09-11T06:23:46.000Z,0.6,10,3,2.5
2D8F6BE7-E40E-4F02-9DB3-A72C2DF7574E,2018-09-11T06:18:46.000Z,0.4,10,3,2.5
2D8F6BE7-E40E-4F02-9DB3-A72C2DF7574E,2018-09-11T06:13:46.000Z,1.6,10,3,2.5
2D8F6BE7-E40E-4F02-9DB3-A72C2DF7574E,2018-09-11T06:08:46.000Z,1.4,10,3,2.5
2D8F6BE7-E40E-4F02-9DB3-A72C2DF7574E,2018-09-11T06:03:46.000Z,0.6,0,3,2.5
2D8F6BE7-E40E-4F02-9DB3-A72C2DF7574E,2018-09-11T05:58:46.000Z,0.2,0,3,2.5
2D8F6BE7-E40E-4F02-9DB3-A72C2DF7574E,2018-09-11T05:53:46.000Z,0,0,3,2.5
2D8F6BE7-E40E-4F02-9DB3-A72C2DF7574E,2018-09-11T05:48:46.000Z,0.2,0,3,2.5
2D8F6BE7-E40E-4F02-9DB3-A72C2DF7574E,2018-09-11T05:43:46.000Z,0.2,0,3,2.5
2D8F6BE7-E40E-4F02-9DB3-A72C2DF7574E,2018-09-11T05:38:46.000Z,0.2,0,3,2.5
2D8F6BE7-E40E-4F02-9DB3-A72C2DF7574E,2018-09-11T04:48:46.000Z,0,0,3,2.5
2D8F6BE7-E40E-4F02-9DB3-A72C2DF7574E,2018-09-11T03:48:46.000Z,0,0,3,2.5
2D8F6BE7-E40E-4F02-9DB3-A72C2DF7574E,2018-09-11T02:48:46.000Z,0,0,3,2.5
2D8F6BE7-E40E-4F02-9DB3-A72C2DF7574E,2018-09-11T01:48:46.000Z,0,0,3,2.5
2D8F6BE7-E40E-4F02-9DB3-A72C2DF7574E,2018-09-11T00:48:46.000Z,0,0,3,2.5
2D8F6BE7-E40E-4F02-9DB3-A72C2DF7574E,2018-09-10T23:48:46.000Z,0,0,1,0.1
2D8F6BE7-E40E-4F02-9DB3-A72C2DF7574E,2018-09-10T22:48:46.000Z,0,0,1,0.1
2D8F6BE7-E40E-4F02-9DB3-A72C2DF7574E,2018-09-10T21:48:46.000Z,0,0,1,0.1
2D8F6BE7-E40E-4F02-9DB3-A72C2DF7574E,2018-09-10T20:48:46.000Z,0,0,1,0.1
2D8F6BE7-E40E-4F02-9DB3-A72C2DF7574E,2018-09-10T19:48:46.000Z,0,0,1,0.1
2D8F6BE7-E40E-4F02-9DB3-A72C2DF7574E,2018-09-10T18:48:46.000Z,0,0,1,0.1
2D8F6BE7-E40E-4F02-9DB3-A72C2DF7574E,2018-09-10T17:48:46.000Z,0,0,1,0.1
2D8F6BE7-E40E-4F02-9DB3-A72C2DF7574E,2018-09-10T16:48:46.000Z,0,0,1,0.1
2D8F6BE7-E40E-4F02-9DB3-A72C2DF7574E,2018-09-10T15:48:46.000Z,0,0,1,0.1
2D8F6BE7-E40E-4F02-9DB3-A72C2DF7574E,2018-09-10T14:48:46.000Z,0,0,1,0.1
2D8F6BE7-E40E-4F02-9DB3-A72C2DF7574E,2018-09-10T13:48:46.000Z,0,0,1,0.1
2D8F6BE7-E40E-4F02-9DB3-A72C2DF7574E,2018-09-10T12:48:46.000Z,0,0,1,0.1
2D8F6BE7-E40E-4F02-9DB3-A72C2DF7574E,2018-09-10T11:48:46.000Z,0,0,1,0.1
2D8F6BE7-E40E-4F02-9DB3-A72C2DF7574E,2018-09-10T10:48:46.000Z,0,0,1,0.1
2D8F6BE7-E40E-4F02-9DB3-A72C2DF7574E,2018-09-10T09:48:46.000Z,0,0,1,0.1
2D8F6BE7-E40E-4F02-9DB3-A72C2DF7574E,2018-09-10T08:48:46.000Z,0,0,1,0.1
2D8F6BE7-E40E-4F02-9DB3-A72C2DF7574E,2018-09-10T07:48:46.000Z,0,0,1,0.1
2D8F6BE7-E40E-4F02-9DB3-A72C2DF7574E,2018-09-10T06:48:46.000Z,0,0,1,0.1
2D8F6BE7-E40E-4F02-9DB3-A72C2DF7574E,2018-09-10T05:48:46.000Z,0,0,1,0.1
2D8F6BE7-E40E-4F02-9DB3-A72C2DF7574E,2018-09-10T04:48:46.000Z,0,0,1,0.1
2D8F6BE7-E40E-4F02-9DB3-A72C2DF7574E,2018-09-10T03:48:46.000Z,0,0,1,0.1
2D8F6BE7-E40E-4F02-9DB3-A72C2DF7574E,2018-09-10T02:48:46.000Z,0,0,1,0.1
2D8F6BE7-E40E-4F02-9DB3-A72C2DF7574E,2018-09-10T01:48:46.000Z,0,0,1,0.1
2D8F6BE7-E40E-4F02-9DB3-A72C2DF7574E,2018-09-10T00:48:46.000Z,0,0,1,0.1
2D8F6BE7-E40E-4F02-9DB3-A72C2DF7574E,2018-09-09T23:48:46.000Z,0,0,1,0.1
2D8F6BE7-E40E-4F02-9DB3-A72C2DF7574E,2018-09-09T22:48:46.000Z,0,0,1,0.1
2D8F6BE7-E40E-4F02-9DB3-A72C2DF7574E,2018-09-09T21:48:46.000Z,0,0,1,0.1
2D8F6BE7-E40E-4F02-9DB3-A72C2DF7574E,2018-09-09T20:48:46.000Z,0,0,1,0.1
2D8F6BE7-E40E-4F02-9DB3-A72C2DF7574E,2018-09-09T19:48:46.000Z,0,0,1,0.1
2D8F6BE7-E40E-4F02-9DB3-A72C2DF7574E,2018-09-09T18:48:46.000Z,0,0,1,0.1
2D8F6BE7-E40E-4F02-9DB3-A72C2DF7574E,2018-09-09T17:48:46.000Z,0,0,1,0.1
2D8F6BE7-E40E-4F02-9DB3-A72C2DF7574E,2018-09-09T16:48:46.000Z,0,0,1,0.1
2D8F6BE7-E40E-4F02-9DB3-A72C2DF7574E,2018-09-09T15:48:46.000Z,0,0,1,0.1
2D8F6BE7-E40E-4F02-9DB3-A72C2DF7574E,2018-09-09T14:48:46.000Z,0,0,1,0.1
2D8F6BE7-E40E-4F02-9DB3-A72C2DF7574E,2018-09-09T13:48:46.000Z,0,0,1,0.1
2D8F6BE7-E40E-4F02-9DB3-A72C2DF7574E,2018-09-09T12:48:46.000Z,0,0,1,0.1
2D8F6BE7-E40E-4F02-9DB3-A72C2DF7574E,2018-09-09T11:48:46.000Z,0,0,1,0.1
2D8F6BE7-E40E-4F02-9DB3-A72C2DF7574E,2018-09-09T10:48:46.000Z,0,0,1,0.1
2D8F6BE7-E40E-4F02-9DB3-A72C2DF7574E,2018-09-09T09:48:46.000Z,0,0,1,0.1
2D8F6BE7-E40E-4F02-9DB3-A72C2DF7574E,2018-09-09T08:48:46.000Z,0,0,1,0.1
2D8F6BE7-E40E-4F02-9DB3-A72C2DF7574E,2018-09-09T07:48:46.000Z,0,0,1,0.1
2D8F6BE7-E40E-4F02-9DB3-A72C2DF7574E,2018-09-09T06:48:46.000Z,0,0,1,0.1
2D8F6BE7-E40E-4F02-9DB3-A72C2DF7574E,2018-09-09T05:48:46.000Z,0,0,1,0.1
2D8F6BE7-E40E-4F02-9DB3-A72C2DF7574E,2018-09-09T04:48:46.000Z,0,0,1,0.1
2D8F6BE7-E40E-4F02-9DB3-A72C2DF7574E,2018-09-09T03:48:46.000Z,0,0,1,0.1
2D8F6BE7-E40E-4F02-9DB3-A72C2DF7574E,2018-09-09T02:48:46.000Z,0,0,1,0.1
2D8F6BE7-E40E-4F02-9DB3-A72C2DF7574E,2018-09-09T01:48:46.000Z,0,0,1,0.1
2D8F6BE7-E40E-4F02-9DB3-A72C2DF7574E,2018-09-09T00:48:46.000Z,0,0,1,0.1
2D8F6BE7-E40E-4F02-9DB3-A72C2DF7574E,2018-09-08T23:48:46.000Z,0,0,1,0.1
2D8F6BE7-E40E-4F02-9DB3-A72C2DF7574E,2018-09-08T22:48:46.000Z,0,0,1,0.1
2D8F6BE7-E40E-4F02-9DB3-A72C2DF7574E,2018-09-08T21:48:46.000Z,0,0,1,0.1
2D8F6BE7-E40E-4F02-9DB3-A72C2DF7574E,2018-09-08T20:48:46.000Z,0,0,1,0.1
2D8F6BE7-E40E-4F02-9DB3-A72C2DF7574E,2018-09-08T20:33:46.000Z,0,0,1,0.1
2D8F6BE7-E40E-4F02-9DB3-A72C2DF7574E,2018-09-08T20:28:46.000Z,0,0,1,0.1
2D8F6BE7-E40E-4F02-9DB3-A72C2DF7574E,2018-09-08T20:23:46.000Z,0,0,1,0.1
2D8F6BE7-E40E-4F02-9DB3-A72C2DF7574E,2018-09-08T20:18:46.000Z,0,0,1,0.1
2D8F6BE7-E40E-4F02-9DB3-A72C2DF7574E,2018-09-08T20:13:46.000Z,0.6,0,1,0.1
2D8F6BE7-E40E-4F02-9DB3-A72C2DF7574E,2018-09-08T20:08:46.000Z,0.6,0,1,0.1
2D8F6BE7-E40E-4F02-9DB3-A72C2DF7574E,2018-09-08T20:03:46.000Z,0.2,0,1,0.1
2D8F6BE7-E40E-4F02-9DB3-A72C2DF7574E,2018-09-08T19:48:46.000Z,0,0,1,0.1
2D8F6BE7-E40E-4F02-9DB3-A72C2DF7574E,2018-09-08T18:48:46.000Z,0,0,1,0.1
2D8F6BE7-E40E-4F02-9DB3-A72C2DF7574E,2018-09-08T17:48:46.000Z,0,0,1,0.1
2D8F6BE7-E40E-4F02-9DB3-A72C2DF7574E,2018-09-08T16:48:46.000Z,0,0,1,0.1
2D8F6BE7-E40E-4F02-9DB3-A72C2DF7574E,2018-09-08T15:48:46.000Z,0,0,1,0.1
2D8F6BE7-E40E-4F02-9DB3-A72C2DF7574E,2018-09-08T14:48:46.000Z,0,0,1,0.1
2D8F6BE7-E40E-4F02-9DB3-A72C2DF7574E,2018-09-08T13:48:46.000Z,0,0,1,0.1
2D8F6BE7-E40E-4F02-9DB3-A72C2DF7574E,2018-09-08T12:48:46.000Z,0,0,1,0.1
2D8F6BE7-E40E-4F02-9DB3-A72C2DF7574E,2018-09-08T11:48:46.000Z,0,0,1,0.1
2D8F6BE7-E40E-4F02-9DB3-A72C2DF7574E,2018-09-08T10:48:46.000Z,0,0,1,0.1
2D8F6BE7-E40E-4F02-9DB3-A72C2DF7574E,2018-09-08T09:48:46.000Z,0,0,1,0.1
2D8F6BE7-E40E-4F02-9DB3-A72C2DF7574E,2018-09-08T08:48:46.000Z,0,0,1,0.1
2D8F6BE7-E40E-4F02-9DB3-A72C2DF7574E,2018-09-08T07:48:46.000Z,0,0,1,0.1
2D8F6BE7-E40E-4F02-9DB3-A72C2DF7574E,2018-09-08T06:48:46.000Z,0,0,1,0.1
2D8F6BE7-E40E-4F02-9DB3-A72C2DF7574E,2018-09-08T06:33:46.000Z,0,0,1,0.1
2D8F6BE7-E40E-4F02-9DB3-A72C2DF7574E,2018-09-08T06:28:46.000Z,0,0,1,0.1
2D8F6BE7-E40E-4F02-9DB3-A72C2DF7574E,2018-09-08T06:23:46.000Z,0,0,1,0.1
2D8F6BE7-E40E-4F02-9DB3-A72C2DF7574E,2018-09-08T06:18:46.000Z,0,0,1,0.1
2D8F6BE7-E40E-4F02-9DB3-A72C2DF7574E,2018-09-08T06:13:46.000Z,0.2,0,1,0.1
2D8F6BE7-E40E-4F02-9DB3-A72C2DF7574E,2018-09-08T06:08:46.000Z,0.2,0,1,0.1
2D8F6BE7-E40E-4F02-9DB3-A72C2DF7574E,2018-09-08T06:03:46.000Z,0,0,1,0.1
2D8F6BE7-E40E-4F02-9DB3-A72C2DF7574E,2018-09-08T05:58:46.000Z,0,0,1,0.1
2D8F6BE7-E40E-4F02-9DB3-A72C2DF7574E,2018-09-08T05:53:46.000Z,0,0,1,0.1
2D8F6BE7-E40E-4F02-9DB3-A72C2DF7574E,2018-09-08T05:48:46.000Z,0,0,1,0.1
2D8F6BE7-E40E-4F02-9DB3-A72C2DF7574E,2018-09-08T05:43:46.000Z,0.2,0,1,0.1
2D8F6BE7-E40E-4F02-9DB3-A72C2DF7574E,2018-09-08T04:48:46.000Z,0,0,1,0.1
2D8F6BE7-E40E-4F02-9DB3-A72C2DF7574E,2018-09-08T03:48:46.000Z,0,0,1,0.1
2D8F6BE7-E40E-4F02-9DB3-A72C2DF7574E,2018-09-08T02:48:46.000Z,0,0,1,0.1
2D8F6BE7-E40E-4F02-9DB3-A72C2DF7574E,2018-09-08T01:48:46.000Z,0,0,1,0.1
2D8F6BE7-E40E-4F02-9DB3-A72C2DF7574E,2018-09-08T01:18:46.000Z,0,0,1,0.1
2D8F6BE7-E40E-4F02-9DB3-A72C2DF7574E,2018-09-08T01:13:46.000Z,0,0,1,0.1
2D8F6BE7-E40E-4F02-9DB3-A72C2DF7574E,2018-09-08T01:08:46.000Z,0,0,1,0.1
2D8F6BE7-E40E-4F02-9DB3-A72C2DF7574E,2018-09-08T01:03:46.000Z,0,0,1,0.1
2D8F6BE7-E40E-4F02-9DB3-A72C2DF7574E,2018-09-08T00:58:46.000Z,0.2,0,1,0.1
2D8F6BE7-E40E-4F02-9DB3-A72C2DF7574E,2018-09-08T00:53:46.000Z,0,0,1,0.1
2D8F6BE7-E40E-4F02-9DB3-A72C2DF7574E,2018-09-08T00:48:46.000Z,0.2,0,1,0.1
2D8F6BE7-E40E-4F02-9DB3-A72C2DF7574E,2018-09-08T00:43:46.000Z,0,0,1,0.1
2D8F6BE7-E40E-4F02-9DB3-A72C2DF7574E,2018-09-08T00:38:46.000Z,0.2,0,1,0.1
2D8F6BE7-E40E-4F02-9DB3-A72C2DF7574E,2018-09-08T00:33:46.000Z,0.2,0,1,0.1
2D8F6BE7-E40E-4F02-9DB3-A72C2DF7574E,2018-09-08T00:28:46.000Z,0.4,10,1,0.1
2D8F6BE7-E40E-4F02-9DB3-A72C2DF7574E,2018-09-08T00:23:46.000Z,0.4,10,1,0.1
2D8F6BE7-E40E-4F02-9DB3-A72C2DF7574E,2018-09-08T00:18:46.000Z,0.4,10,1,0.1
2D8F6BE7-E40E-4F02-9DB3-A72C2DF7574E,2018-09-08T00:13:46.000Z,0.2,10,1,0.1
2D8F6BE7-E40E-4F02-9DB3-A72C2DF7574E,2018-09-08T00:08:46.000Z,0.6,10,1,0.1
2D8F6BE7-E40E-4F02-9DB3-A72C2DF7574E,2018-09-08T00:03:46.000Z,0.6,0,1,0.1
2D8F6BE7-E40E-4F02-9DB3-A72C2DF7574E,2018-09-07T23:58:46.000Z,0.2,0,1,0.1
2D8F6BE7-E40E-4F02-9DB3-A72C2DF7574E,2018-09-07T23:53:46.000Z,0.2,0,1,0.1
2D8F6BE7-E40E-4F02-9DB3-A72C2DF7574E,2018-09-07T23:48:46.000Z,0.4,0,1,0.1
2D8F6BE7-E40E-4F02-9DB3-A72C2DF7574E,2018-09-07T23:08:46.000Z,0,0,1,0.1
2D8F6BE7-E40E-4F02-9DB3-A72C2DF7574E,2018-09-07T23:03:46.000Z,0,0,1,0.1
2D8F6BE7-E40E-4F02-9DB3-A72C2DF7574E,2018-09-07T22:58:46.000Z,0,0,1,0.1
2D8F6BE7-E40E-4F02-9DB3-A72C2DF7574E,2018-09-07T22:53:46.000Z,0,0,1,0.1
2D8F6BE7-E40E-4F02-9DB3-A72C2DF7574E,2018-09-07T22:48:46.000Z,0.2,0,1,0.1
2D8F6BE7-E40E-4F02-9DB3-A72C2DF7574E,2018-09-07T21:48:46.000Z,0,0,1,0.1
2D8F6BE7-E40E-4F02-9DB3-A72C2DF7574E,2018-09-07T20:48:46.000Z,0,0,1,0.1
2D8F6BE7-E40E-4F02-9DB3-A72C2DF7574E,2018-09-07T20:43:46.000Z,0,0,1,0.1
2D8F6BE7-E40E-4F02-9DB3-A72C2DF7574E,2018-09-07T20:38:46.000Z,0,0,1,0.1
2D8F6BE7-E40E-4F02-9DB3-A72C2DF7574E,2018-09-07T20:33:46.000Z,0,0,1,0.1
2D8F6BE7-E40E-4F02-9DB3-A72C2DF7574E,2018-09-07T20:28:46.000Z,0,0,1,0.1
2D8F6BE7-E40E-4F02-9DB3-A72C2DF7574E,2018-09-07T20:23:46.000Z,0.2,0,1,0.1
2D8F6BE7-E40E-4F02-9DB3-A72C2DF7574E,2018-09-07T20:18:46.000Z,0,0,1,0.1
2D8F6BE7-E40E-4F02-9DB3-A72C2DF7574E,2018-09-07T20:13:46.000Z,0.4,0,1,0.1
2D8F6BE7-E40E-4F02-9DB3-A72C2DF7574E,2018-09-07T20:08:46.000Z,0.2,0,1,0.1
2D8F6BE7-E40E-4F02-9DB3-A72C2DF7574E,2018-09-07T20:03:46.000Z,0.2,0,1,0.1
2D8F6BE7-E40E-4F02-9DB3-A72C2DF7574E,2018-09-07T19:58:46.000Z,0.4,0,1,0.1
2D8F6BE7-E40E-4F02-9DB3-A72C2DF7574E,2018-09-07T19:53:46.000Z,0,0,1,0.1
2D8F6BE7-E40E-4F02-9DB3-A72C2DF7574E,2018-09-07T19:48:46.000Z,0.2,0,1,0.1
2D8F6BE7-E40E-4F02-9DB3-A72C2DF7574E,2018-09-07T19:43:46.000Z,0.2,0,1,0.1
2D8F6BE7-E40E-4F02-9DB3-A72C2DF7574E,2018-09-07T19:38:46.000Z,0.2,0,1,0.1
2D8F6BE7-E40E-4F02-9DB3-A72C2DF7574E,2018-09-07T19:33:46.000Z,0.4,0,1,0.1
2D8F6BE7-E40E-4F02-9DB3-A72C2DF7574E,2018-09-07T19:28:46.000Z,0.4,0,1,0.1
2D8F6BE7-E40E-4F02-9DB3-A72C2DF7574E,2018-09-07T19:23:46.000Z,0.4,0,1,0.1
2D8F6BE7-E40E-4F02-9DB3-A72C2DF7574E,2018-09-07T19:18:46.000Z,0.4,0,1,0.1
2D8F6BE7-E40E-4F02-9DB3-A72C2DF7574E,2018-09-07T19:13:46.000Z,0.2,0,1,0.1
2D8F6BE7-E40E-4F02-9DB3-A72C2DF7574E,2018-09-07T19:08:46.000Z,0.2,0,1,0.1
2D8F6BE7-E40E-4F02-9DB3-A72C2DF7574E,2018-09-07T19:03:46.000Z,0.2,0,1,0.1
2D8F6BE7-E40E-4F02-9DB3-A72C2DF7574E,2018-09-07T18:58:46.000Z,0,0,1,0.1
2D8F6BE7-E40E-4F02-9DB3-A72C2DF7574E,2018-09-07T18:53:46.000Z,0.2,0,1,0.1
2D8F6BE7-E40E-4F02-9DB3-A72C2DF7574E,2018-09-07T18:48:46.000Z,0,0,1,0.1
2D8F6BE7-E40E-4F02-9DB3-A72C2DF7574E,2018-09-07T18:43:46.000Z,0.2,0,1,0.1
2D8F6BE7-E40E-4F02-9DB3-A72C2DF7574E,2018-09-07T17:48:46.000Z,0,0,1,0.1
2D8F6BE7-E40E-4F02-9DB3-A72C2DF7574E,2018-09-07T17:43:46.000Z,0,0,1,0.1
2D8F6BE7-E40E-4F02-9DB3-A72C2DF7574E,2018-09-07T17:38:46.000Z,0,0,1,0.1
2D8F6BE7-E40E-4F02-9DB3-A72C2DF7574E,2018-09-07T17:33:46.000Z,0,0,1,0.1
2D8F6BE7-E40E-4F02-9DB3-A72C2DF7574E,2018-09-07T17:28:46.000Z,0,0,1,0.1
2D8F6BE7-E40E-4F02-9DB3-A72C2DF7574E,2018-09-07T17:23:46.000Z,0.2,0,1,0.1
2D8F6BE7-E40E-4F02-9DB3-A72C2DF7574E,2018-09-07T17:18:46.000Z,0,0,1,0.1
2D8F6BE7-E40E-4F02-9DB3-A72C2DF7574E,2018-09-07T17:13:46.000Z,0,0,1,0.1
2D8F6BE7-E40E-4F02-9DB3-A72C2DF7574E,2018-09-07T17:08:46.000Z,0,0,1,0.1
2D8F6BE7-E40E-4F02-9DB3-A72C2DF7574E,2018-09-07T17:03:46.000Z,0.2,0,1,0.1
2D8F6BE7-E40E-4F02-9DB3-A72C2DF7574E,2018-09-07T16:58:46.000Z,0,0,1,0.1
2D8F6BE7-E40E-4F02-9DB3-A72C2DF7574E,2018-09-07T16:53:46.000Z,0,0,1,0.1
2D8F6BE7-E40E-4F02-9DB3-A72C2DF7574E,2018-09-07T16:48:46.000Z,0.2,0,1,0.1
2D8F6BE7-E40E-4F02-9DB3-A72C2DF7574E,2018-09-07T15:48:46.000Z,0,0,1,0.1
2D8F6BE7-E40E-4F02-9DB3-A72C2DF7574E,2018-09-07T14:48:46.000Z,0,0,1,0.1
2D8F6BE7-E40E-4F02-9DB3-A72C2DF7574E,2018-09-07T13:48:46.000Z,0,0,1,0.1
2D8F6BE7-E40E-4F02-9DB3-A72C2DF7574E,2018-09-07T12:48:46.000Z,0,0,1,0.1
2D8F6BE7-E40E-4F02-9DB3-A72C2DF7574E,2018-09-07T11:48:46.000Z,0,0,1,0.1
2D8F6BE7-E40E-4F02-9DB3-A72C2DF7574E,2018-09-07T10:48:46.000Z,0,0,1,0.1
2D8F6BE7-E40E-4F02-9DB3-A72C2DF7574E,2018-09-07T09:48:46.000Z,0,0,1,0.1
2D8F6BE7-E40E-4F02-9DB3-A72C2DF7574E,2018-09-07T08:48:46.000Z,0,0,1,0.1
2D8F6BE7-E40E-4F02-9DB3-A72C2DF7574E,2018-09-07T07:48:46.000Z,0,0,1,0.1
2D8F6BE7-E40E-4F02-9DB3-A72C2DF7574E,2018-09-07T06:48:46.000Z,0,0,1,0.1
2D8F6BE7-E40E-4F02-9DB3-A72C2DF7574E,2018-09-07T05:48:46.000Z,0,0,1,0.1
2D8F6BE7-E40E-4F02-9DB3-A72C2DF7574E,2018-09-07T05:03:46.000Z,0,0,1,0.1
2D8F6BE7-E40E-4F02-9DB3-A72C2DF7574E,2018-09-07T04:58:46.000Z,0,0,1,0.1
2D8F6BE7-E40E-4F02-9DB3-A72C2DF7574E,2018-09-07T04:53:46.000Z,0,0,1,0.1
2D8F6BE7-E40E-4F02-9DB3-A72C2DF7574E,2018-09-07T04:48:46.000Z,0,0,1,0.1
2D8F6BE7-E40E-4F02-9DB3-A72C2DF7574E,2018-09-07T04:43:46.000Z,0.2,0,1,0.1
2D8F6BE7-E40E-4F02-9DB3-A72C2DF7574E,2018-09-07T03:48:46.000Z,0,0,1,0.1
2D8F6BE7-E40E-4F02-9DB3-A72C2DF7574E,2018-09-07T02:48:46.000Z,0,0,1,0.1
2D8F6BE7-E40E-4F02-9DB3-A72C2DF7574E,2018-09-07T02:43:46.000Z,0,0,1,0.1
2D8F6BE7-E40E-4F02-9DB3-A72C2DF7574E,2018-09-07T02:38:46.000Z,0,0,1,0.1
2D8F6BE7-E40E-4F02-9DB3-A72C2DF7574E,2018-09-07T02:33:46.000Z,0,0,1,0.1
2D8F6BE7-E40E-4F02-9DB3-A72C2DF7574E,2018-09-07T02:28:46.000Z,0,0,1,0.1
2D8F6BE7-E40E-4F02-9DB3-A72C2DF7574E,2018-09-07T02:23:46.000Z,0.2,10,1,0.1
2D8F6BE7-E40E-4F02-9DB3-A72C2DF7574E,2018-09-07T02:18:46.000Z,0.6,10,1,0.1
2D8F6BE7-E40E-4F02-9DB3-A72C2DF7574E,2018-09-07T02:13:46.000Z,1.6,10,1,0.1
2D8F6BE7-E40E-4F02-9DB3-A72C2DF7574E,2018-09-07T02:08:46.000Z,0.4,0,1,0.1
2D8F6BE7-E40E-4F02-9DB3-A72C2DF7574E,2018-09-07T02:03:46.000Z,0.8,0,1,0.1
2D8F6BE7-E40E-4F02-9DB3-A72C2DF7574E,2018-09-07T01:58:46.000Z,0.4,0,1,0.1
2D8F6BE7-E40E-4F02-9DB3-A72C2DF7574E,2018-09-07T01:53:46.000Z,0,0,1,0.1
2D8F6BE7-E40E-4F02-9DB3-A72C2DF7574E,2018-09-07T01:48:46.000Z,0,0,1,0.1
2D8F6BE7-E40E-4F02-9DB3-A72C2DF7574E,2018-09-07T01:43:46.000Z,0,0,1,0.1
2D8F6BE7-E40E-4F02-9DB3-A72C2DF7574E,2018-09-07T01:38:46.000Z,0.2,0,1,0.1
2D8F6BE7-E40E-4F02-9DB3-A72C2DF7574E,2018-09-07T00:48:46.000Z,0,0,1,0.1
2D8F6BE7-E40E-4F02-9DB3-A72C2DF7574E,2018-09-06T23:48:46.000Z,0,0,1,2.5
2D8F6BE7-E40E-4F02-9DB3-A72C2DF7574E,2018-09-06T22:48:46.000Z,0,0,1,2.5
2D8F6BE7-E40E-4F02-9DB3-A72C2DF7574E,2018-09-06T21:48:46.000Z,0,0,1,2.5
2D8F6BE7-E40E-4F02-9DB3-A72C2DF7574E,2018-09-06T20:48:46.000Z,0,0,1,2.5
2D8F6BE7-E40E-4F02-9DB3-A72C2DF7574E,2018-09-06T19:48:46.000Z,0,0,1,2.5
2D8F6BE7-E40E-4F02-9DB3-A72C2DF7574E,2018-09-06T18:48:46.000Z,0,0,1,2.5
2D8F6BE7-E40E-4F02-9DB3-A72C2DF7574E,2018-09-06T17:48:46.000Z,0,0,1,2.5
2D8F6BE7-E40E-4F02-9DB3-A72C2DF7574E,2018-09-06T16:48:46.000Z,0,0,1,2.5
2D8F6BE7-E40E-4F02-9DB3-A72C2DF7574E,2018-09-06T15:48:46.000Z,0,0,1,2.5
2D8F6BE7-E40E-4F02-9DB3-A72C2DF7574E,2018-09-06T14:48:46.000Z,0,0,1,2.5
2D8F6BE7-E40E-4F02-9DB3-A72C2DF7574E,2018-09-06T13:48:46.000Z,0,0,1,2.5
2D8F6BE7-E40E-4F02-9DB3-A72C2DF7574E,2018-09-06T12:48:46.000Z,0,0,1,2.5
2D8F6BE7-E40E-4F02-9DB3-A72C2DF7574E,2018-09-06T11:48:46.000Z,0,0,1,2.5
2D8F6BE7-E40E-4F02-9DB3-A72C2DF7574E,2018-09-06T10:48:46.000Z,0,0,1,2.5
2D8F6BE7-E40E-4F02-9DB3-A72C2DF7574E,2018-09-06T09:48:46.000Z,0,0,1,2.5
2D8F6BE7-E40E-4F02-9DB3-A72C2DF7574E,2018-09-06T08:48:46.000Z,0,0,1,2.5
2D8F6BE7-E40E-4F02-9DB3-A72C2DF7574E,2018-09-06T07:48:46.000Z,0,0,1,2.5
2D8F6BE7-E40E-4F02-9DB3-A72C2DF7574E,2018-09-06T06:48:46.000Z,0,0,1,2.5
2D8F6BE7-E40E-4F02-9DB3-A72C2DF7574E,2018-09-06T05:48:46.000Z,0,0,1,2.5
2D8F6BE7-E40E-4F02-9DB3-A72C2DF7574E,2018-09-06T04:48:46.000Z,0,0,1,2.5
2D8F6BE7-E40E-4F02-9DB3-A72C2DF7574E,2018-09-06T03:48:46.000Z,0,0,1,2.5
2D8F6BE7-E40E-4F02-9DB3-A72C2DF7574E,2018-09-06T02:48:46.000Z,0,0,1,2.5
2D8F6BE7-E40E-4F02-9DB3-A72C2DF7574E,2018-09-06T01:48:46.000Z,0,0,1,2.5
2D8F6BE7-E40E-4F02-9DB3-A72C2DF7574E,2018-09-06T00:48:46.000Z,0,0,1,2.5
2D8F6BE7-E40E-4F02-9DB3-A72C2DF7574E,2018-09-05T23:48:46.000Z,0,0,1,0.9
2D8F6BE7-E40E-4F02-9DB3-A72C2DF7574E,2018-09-05T22:48:46.000Z,0,0,1,0.9
2D8F6BE7-E40E-4F02-9DB3-A72C2DF7574E,2018-09-05T21:48:46.000Z,0,0,1,0.9
2D8F6BE7-E40E-4F02-9DB3-A72C2DF7574E,2018-09-05T20:48:46.000Z,0,0,1,0.9
2D8F6BE7-E40E-4F02-9DB3-A72C2DF7574E,2018-09-05T19:48:46.000Z,0,0,1,0.9
2D8F6BE7-E40E-4F02-9DB3-A72C2DF7574E,2018-09-05T18:48:46.000Z,0,0,1,0.9
2D8F6BE7-E40E-4F02-9DB3-A72C2DF7574E,2018-09-05T17:48:46.000Z,0,0,1,0.9
2D8F6BE7-E40E-4F02-9DB3-A72C2DF7574E,2018-09-05T16:48:46.000Z,0,0,1,0.9
2D8F6BE7-E40E-4F02-9DB3-A72C2DF7574E,2018-09-05T15:48:46.000Z,0,0,1,0.9
2D8F6BE7-E40E-4F02-9DB3-A72C2DF7574E,2018-09-05T14:48:46.000Z,0,0,1,0.9
2D8F6BE7-E40E-4F02-9DB3-A72C2DF7574E,2018-09-05T13:48:46.000Z,0,0,1,0.9
2D8F6BE7-E40E-4F02-9DB3-A72C2DF7574E,2018-09-05T12:48:46.000Z,0,0,1,0.9
2D8F6BE7-E40E-4F02-9DB3-A72C2DF7574E,2018-09-05T11:48:46.000Z,0,0,1,0.9
2D8F6BE7-E40E-4F02-9DB3-A72C2DF7574E,2018-09-05T10:48:46.000Z,0,0,1,0.9
2D8F6BE7-E40E-4F02-9DB3-A72C2DF7574E,2018-09-05T09:48:46.000Z,0,0,1,0.9
2D8F6BE7-E40E-4F02-9DB3-A72C2DF7574E,2018-09-05T08:48:46.000Z,0,0,1,0.9
2D8F6BE7-E40E-4F02-9DB3-A72C2DF7574E,2018-09-05T07:48:46.000Z,0,0,1,0.9
2D8F6BE7-E40E-4F02-9DB3-A72C2DF7574E,2018-09-05T06:48:46.000Z,0,0,1,0.9
2D8F6BE7-E40E-4F02-9DB3-A72C2DF7574E,2018-09-05T05:48:46.000Z,0,0,1,0.9
2D8F6BE7-E40E-4F02-9DB3-A72C2DF7574E,2018-09-05T04:48:46.000Z,0,0,1,0.9
2D8F6BE7-E40E-4F02-9DB3-A72C2DF7574E,2018-09-05T03:48:46.000Z,0,0,1,0.9
2D8F6BE7-E40E-4F02-9DB3-A72C2DF7574E,2018-09-05T02:48:46.000Z,0,0,1,0.9
2D8F6BE7-E40E-4F02-9DB3-A72C2DF7574E,2018-09-05T01:48:46.000Z,0,0,1,0.9
2D8F6BE7-E40E-4F02-9DB3-A72C2DF7574E,2018-09-05T00:48:46.000Z,0,0,1,0.9
2D8F6BE7-E40E-4F02-9DB3-A72C2DF7574E,2018-09-04T23:48:46.000Z,0,0,1,4.4
2D8F6BE7-E40E-4F02-9DB3-A72C2DF7574E,2018-09-04T22:48:46.000Z,0,0,1,4.4
2D8F6BE7-E40E-4F02-9DB3-A72C2DF7574E,2018-09-04T21:48:46.000Z,0,0,1,4.4
2D8F6BE7-E40E-4F02-9DB3-A72C2DF7574E,2018-09-04T20:48:46.000Z,0,0,1,4.4
2D8F6BE7-E40E-4F02-9DB3-A72C2DF7574E,2018-09-04T19:48:46.000Z,0,0,1,4.4
2D8F6BE7-E40E-4F02-9DB3-A72C2DF7574E,2018-09-04T18:48:46.000Z,0,0,1,4.4
2D8F6BE7-E40E-4F02-9DB3-A72C2DF7574E,2018-09-04T17:48:46.000Z,0,0,1,4.4
2D8F6BE7-E40E-4F02-9DB3-A72C2DF7574E,2018-09-04T16:48:46.000Z,0,0,1,4.4
2D8F6BE7-E40E-4F02-9DB3-A72C2DF7574E,2018-09-04T15:48:46.000Z,0,0,1,4.4
2D8F6BE7-E40E-4F02-9DB3-A72C2DF7574E,2018-09-04T14:48:46.000Z,0,0,1,4.4
2D8F6BE7-E40E-4F02-9DB3-A72C2DF7574E,2018-09-04T13:48:46.000Z,0,0,1,4.4
2D8F6BE7-E40E-4F02-9DB3-A72C2DF7574E,2018-09-04T12:48:46.000Z,0,0,1,4.4
2D8F6BE7-E40E-4F02-9DB3-A72C2DF7574E,2018-09-04T11:48:46.000Z,0,0,1,4.4
2D8F6BE7-E40E-4F02-9DB3-A72C2DF7574E,2018-09-04T10:48:46.000Z,0,0,1,4.4
2D8F6BE7-E40E-4F02-9DB3-A72C2DF7574E,2018-09-04T09:48:46.000Z,0,0,1,4.4
2D8F6BE7-E40E-4F02-9DB3-A72C2DF7574E,2018-09-04T08:48:46.000Z,0,0,1,4.4
2D8F6BE7-E40E-4F02-9DB3-A72C2DF7574E,2018-09-04T07:48:46.000Z,0,0,1,4.4
2D8F6BE7-E40E-4F02-9DB3-A72C2DF7574E,2018-09-04T06:48:46.000Z,0,0,1,4.4
2D8F6BE7-E40E-4F02-9DB3-A72C2DF7574E,2018-09-04T05:48:46.000Z,0,0,1,4.4
2D8F6BE7-E40E-4F02-9DB3-A72C2DF7574E,2018-09-04T04:48:46.000Z,0,0,1,4.4
2D8F6BE7-E40E-4F02-9DB3-A72C2DF7574E,2018-09-04T03:48:46.000Z,0,0,1,4.4
2D8F6BE7-E40E-4F02-9DB3-A72C2DF7574E,2018-09-04T02:48:46.000Z,0,0,1,4.4
2D8F6BE7-E40E-4F02-9DB3-A72C2DF7574E,2018-09-04T01:48:46.000Z,0,0,1,4.4
2D8F6BE7-E40E-4F02-9DB3-A72C2DF7574E,2018-09-04T00:48:46.000Z,0,0,1,4.4
2D8F6BE7-E40E-4F02-9DB3-A72C2DF7574E,2018-09-03T23:48:46.000Z,0,0,4,0.9
2D8F6BE7-E40E-4F02-9DB3-A72C2DF7574E,2018-09-03T22:48:46.000Z,0,0,4,0.9
2D8F6BE7-E40E-4F02-9DB3-A72C2DF7574E,2018-09-03T21:48:46.000Z,0,0,4,0.9
2D8F6BE7-E40E-4F02-9DB3-A72C2DF7574E,2018-09-03T20:48:46.000Z,0,0,4,0.9
2D8F6BE7-E40E-4F02-9DB3-A72C2DF7574E,2018-09-03T19:48:46.000Z,0,0,4,0.9
2D8F6BE7-E40E-4F02-9DB3-A72C2DF7574E,2018-09-03T18:48:46.000Z,0,0,4,0.9
2D8F6BE7-E40E-4F02-9DB3-A72C2DF7574E,2018-09-03T17:48:46.000Z,0,0,4,0.9
2D8F6BE7-E40E-4F02-9DB3-A72C2DF7574E,2018-09-03T16:48:46.000Z,0,0,4,0.9
2D8F6BE7-E40E-4F02-9DB3-A72C2DF7574E,2018-09-03T15:48:46.000Z,0,0,4,0.9
2D8F6BE7-E40E-4F02-9DB3-A72C2DF7574E,2018-09-03T14:48:46.000Z,0,0,4,0.9
2D8F6BE7-E40E-4F02-9DB3-A72C2DF7574E,2018-09-03T13:48:46.000Z,0,0,4,0.9
2D8F6BE7-E40E-4F02-9DB3-A72C2DF7574E,2018-09-03T12:48:46.000Z,0,0,4,0.9
2D8F6BE7-E40E-4F02-9DB3-A72C2DF7574E,2018-09-03T11:48:46.000Z,0,0,4,0.9
2D8F6BE7-E40E-4F02-9DB3-A72C2DF7574E,2018-09-03T11:08:46.000Z,0,10,4,0.9
2D8F6BE7-E40E-4F02-9DB3-A72C2DF7574E,2018-09-03T11:03:46.000Z,0,20,4,0.9
2D8F6BE7-E40E-4F02-9DB3-A72C2DF7574E,2018-09-03T10:58:46.000Z,0,30,4,0.9
2D8F6BE7-E40E-4F02-9DB3-A72C2DF7574E,2018-09-03T10:53:46.000Z,0,40,4,0.9
2D8F6BE7-E40E-4F02-9DB3-A72C2DF7574E,2018-09-03T10:48:46.000Z,2.2,30,4,0.9
2D8F6BE7-E40E-4F02-9DB3-A72C2DF7574E,2018-09-03T10:43:46.000Z,3.6,20,4,0.9
2D8F6BE7-E40E-4F02-9DB3-A72C2DF7574E,2018-09-03T10:38:46.000Z,1.2,10,4,0.9
2D8F6BE7-E40E-4F02-9DB3-A72C2DF7574E,2018-09-03T10:33:46.000Z,2.2,10,4,0.9
2D8F6BE7-E40E-4F02-9DB3-A72C2DF7574E,2018-09-03T10:28:46.000Z,1.6,10,4,0.9
2D8F6BE7-E40E-4F02-9DB3-A72C2DF7574E,2018-09-03T10:23:46.000Z,1.4,10,4,0.9
2D8F6BE7-E40E-4F02-9DB3-A72C2DF7574E,2018-09-03T10:18:46.000Z,2.2,10,4,0.9
2D8F6BE7-E40E-4F02-9DB3-A72C2DF7574E,2018-09-03T09:48:46.000Z,0,0,4,0.9
2D8F6BE7-E40E-4F02-9DB3-A72C2DF7574E,2018-09-03T08:48:46.000Z,0,0,4,0.9
2D8F6BE7-E40E-4F02-9DB3-A72C2DF7574E,2018-09-03T07:48:46.000Z,0,0,4,0.9
2D8F6BE7-E40E-4F02-9DB3-A72C2DF7574E,2018-09-03T07:23:46.000Z,0,0,4,0.9
2D8F6BE7-E40E-4F02-9DB3-A72C2DF7574E,2018-09-03T07:18:46.000Z,0,0,4,0.9
2D8F6BE7-E40E-4F02-9DB3-A72C2DF7574E,2018-09-03T07:13:46.000Z,0,0,4,0.9
2D8F6BE7-E40E-4F02-9DB3-A72C2DF7574E,2018-09-03T07:08:46.000Z,0,0,4,0.9
2D8F6BE7-E40E-4F02-9DB3-A72C2DF7574E,2018-09-03T07:03:46.000Z,0.2,0,4,0.9
2D8F6BE7-E40E-4F02-9DB3-A72C2DF7574E,2018-09-03T06:58:46.000Z,0.4,0,4,0.9
2D8F6BE7-E40E-4F02-9DB3-A72C2DF7574E,2018-09-03T06:53:46.000Z,0.2,0,4,0.9
2D8F6BE7-E40E-4F02-9DB3-A72C2DF7574E,2018-09-03T06:48:46.000Z,0,0,4,0.9
2D8F6BE7-E40E-4F02-9DB3-A72C2DF7574E,2018-09-03T05:48:46.000Z,0,0,4,0.9
2D8F6BE7-E40E-4F02-9DB3-A72C2DF7574E,2018-09-03T04:48:46.000Z,0,0,4,0.9
2D8F6BE7-E40E-4F02-9DB3-A72C2DF7574E,2018-09-03T03:48:46.000Z,0,0,4,0.9
2D8F6BE7-E40E-4F02-9DB3-A72C2DF7574E,2018-09-03T02:48:46.000Z,0,0,4,0.9
2D8F6BE7-E40E-4F02-9DB3-A72C2DF7574E,2018-09-03T01:48:46.000Z,0,0,4,0.9
2D8F6BE7-E40E-4F02-9DB3-A72C2DF7574E,2018-09-03T00:48:46.000Z,0,0,4,0.9
2D8F6BE7-E40E-4F02-9DB3-A72C2DF7574E,2018-09-02T23:48:46.000Z,0,0,4,0.1
2D8F6BE7-E40E-4F02-9DB3-A72C2DF7574E,2018-09-02T22:48:46.000Z,0,0,4,0.1
2D8F6BE7-E40E-4F02-9DB3-A72C2DF7574E,2018-09-02T21:48:46.000Z,0,0,4,0.1
2D8F6BE7-E40E-4F02-9DB3-A72C2DF7574E,2018-09-02T20:48:46.000Z,0,0,4,0.1
2D8F6BE7-E40E-4F02-9DB3-A72C2DF7574E,2018-09-02T19:48:46.000Z,0,0,4,0.1
2D8F6BE7-E40E-4F02-9DB3-A72C2DF7574E,2018-09-02T18:48:46.000Z,0,0,4,0.1
2D8F6BE7-E40E-4F02-9DB3-A72C2DF7574E,2018-09-02T17:48:46.000Z,0,0,4,0.1
2D8F6BE7-E40E-4F02-9DB3-A72C2DF7574E,2018-09-02T16:48:46.000Z,0,0,4,0.1
2D8F6BE7-E40E-4F02-9DB3-A72C2DF7574E,2018-09-02T15:48:46.000Z,0,0,4,0.1
2D8F6BE7-E40E-4F02-9DB3-A72C2DF7574E,2018-09-02T14:48:46.000Z,0,0,4,0.1
2D8F6BE7-E40E-4F02-9DB3-A72C2DF7574E,2018-09-02T13:48:46.000Z,0,0,4,0.1
2D8F6BE7-E40E-4F02-9DB3-A72C2DF7574E,2018-09-02T12:48:46.000Z,0,0,4,0.1
2D8F6BE7-E40E-4F02-9DB3-A72C2DF7574E,2018-09-02T11:48:46.000Z,0,0,4,0.1
2D8F6BE7-E40E-4F02-9DB3-A72C2DF7574E,2018-09-02T10:48:46.000Z,0,0,4,0.1
2D8F6BE7-E40E-4F02-9DB3-A72C2DF7574E,2018-09-02T09:48:46.000Z,0,0,4,0.1
2D8F6BE7-E40E-4F02-9DB3-A72C2DF7574E,2018-09-02T08:48:46.000Z,0,0,4,0.1
2D8F6BE7-E40E-4F02-9DB3-A72C2DF7574E,2018-09-02T07:48:46.000Z,0,0,4,0.1
2D8F6BE7-E40E-4F02-9DB3-A72C2DF7574E,2018-09-02T06:48:46.000Z,0,0,4,0.1
2D8F6BE7-E40E-4F02-9DB3-A72C2DF7574E,2018-09-02T05:48:46.000Z,0,0,4,0.1
2D8F6BE7-E40E-4F02-9DB3-A72C2DF7574E,2018-09-02T04:48:46.000Z,0,0,4,0.1
2D8F6BE7-E40E-4F02-9DB3-A72C2DF7574E,2018-09-02T03:48:46.000Z,0,0,4,0.1
2D8F6BE7-E40E-4F02-9DB3-A72C2DF7574E,2018-09-02T02:48:46.000Z,0,0,4,0.1
2D8F6BE7-E40E-4F02-9DB3-A72C2DF7574E,2018-09-02T01:48:46.000Z,0,0,4,0.1
2D8F6BE7-E40E-4F02-9DB3-A72C2DF7574E,2018-09-02T00:48:46.000Z,0,0,4,0.1
2D8F6BE7-E40E-4F02-9DB3-A72C2DF7574E,2018-09-01T23:48:46.000Z,0,0,2,0.9
2D8F6BE7-E40E-4F02-9DB3-A72C2DF7574E,2018-09-01T22:48:46.000Z,0,0,2,0.9
2D8F6BE7-E40E-4F02-9DB3-A72C2DF7574E,2018-09-01T21:48:46.000Z,0,0,2,0.9
2D8F6BE7-E40E-4F02-9DB3-A72C2DF7574E,2018-09-01T20:48:46.000Z,0,0,2,0.9
2D8F6BE7-E40E-4F02-9DB3-A72C2DF7574E,2018-09-01T19:48:46.000Z,0,0,2,0.9
2D8F6BE7-E40E-4F02-9DB3-A72C2DF7574E,2018-09-01T18:48:46.000Z,0,0,2,0.9
2D8F6BE7-E40E-4F02-9DB3-A72C2DF7574E,2018-09-01T17:48:46.000Z,0,0,2,0.9
2D8F6BE7-E40E-4F02-9DB3-A72C2DF7574E,2018-09-01T16:48:46.000Z,0,0,2,0.9
2D8F6BE7-E40E-4F02-9DB3-A72C2DF7574E,2018-09-01T15:48:46.000Z,0,0,2,0.9
2D8F6BE7-E40E-4F02-9DB3-A72C2DF7574E,2018-09-01T14:48:46.000Z,0,0,2,0.9
2D8F6BE7-E40E-4F02-9DB3-A72C2DF7574E,2018-09-01T13:48:46.000Z,0,0,2,0.9
2D8F6BE7-E40E-4F02-9DB3-A72C2DF7574E,2018-09-01T12:48:46.000Z,0,0,2,0.9
2D8F6BE7-E40E-4F02-9DB3-A72C2DF7574E,2018-09-01T11:48:46.000Z,0,0,2,0.9
2D8F6BE7-E40E-4F02-9DB3-A72C2DF7574E,2018-09-01T10:48:46.000Z,0,0,2,0.9
2D8F6BE7-E40E-4F02-9DB3-A72C2DF7574E,2018-09-01T09:48:46.000Z,0,0,2,0.9
2D8F6BE7-E40E-4F02-9DB3-A72C2DF7574E,2018-09-01T08:48:46.000Z,0,0,2,0.9
2D8F6BE7-E40E-4F02-9DB3-A72C2DF7574E,2018-09-01T07:48:46.000Z,0,0,2,0.9
2D8F6BE7-E40E-4F02-9DB3-A72C2DF7574E,2018-09-01T06:48:46.000Z,0,0,2,0.9
2D8F6BE7-E40E-4F02-9DB3-A72C2DF7574E,2018-09-01T05:48:46.000Z,0,0,2,0.9
2D8F6BE7-E40E-4F02-9DB3-A72C2DF7574E,2018-09-01T04:48:46.000Z,0,0,2,0.9
2D8F6BE7-E40E-4F02-9DB3-A72C2DF7574E,2018-09-01T03:48:46.000Z,0,0,2,0.9
2D8F6BE7-E40E-4F02-9DB3-A72C2DF7574E,2018-09-01T02:48:46.000Z,0,0,2,0.9
2D8F6BE7-E40E-4F02-9DB3-A72C2DF7574E,2018-09-01T01:48:46.000Z,0,0,2,0.9
2D8F6BE7-E40E-4F02-9DB3-A72C2DF7574E,2018-09-01T00:48:46.000Z,0,0,2,0.9
2D8F6BE7-E40E-4F02-9DB3-A72C2DF7574E,2018-08-31T23:48:46.000Z,0,0,2,2.5
2D8F6BE7-E40E-4F02-9DB3-A72C2DF7574E,2018-08-31T22:48:46.000Z,0,0,2,2.5
2D8F6BE7-E40E-4F02-9DB3-A72C2DF7574E,2018-08-31T21:48:46.000Z,0,0,2,2.5
2D8F6BE7-E40E-4F02-9DB3-A72C2DF7574E,2018-08-31T20:48:46.000Z,0,0,2,2.5
2D8F6BE7-E40E-4F02-9DB3-A72C2DF7574E,2018-08-31T19:48:46.000Z,0,0,2,2.5
2D8F6BE7-E40E-4F02-9DB3-A72C2DF7574E,2018-08-31T18:48:46.000Z,0,0,2,2.5
2D8F6BE7-E40E-4F02-9DB3-A72C2DF7574E,2018-08-31T17:48:46.000Z,0,0,2,2.5
2D8F6BE7-E40E-4F02-9DB3-A72C2DF7574E,2018-08-31T16:48:46.000Z,0,0,2,2.5
2D8F6BE7-E40E-4F02-9DB3-A72C2DF7574E,2018-08-31T15:48:46.000Z,0,0,2,2.5
2D8F6BE7-E40E-4F02-9DB3-A72C2DF7574E,2018-08-31T14:48:46.000Z,0,0,2,2.5
2D8F6BE7-E40E-4F02-9DB3-A72C2DF7574E,2018-08-31T13:48:46.000Z,0,0,2,2.5
2D8F6BE7-E40E-4F02-9DB3-A72C2DF7574E,2018-08-31T12:48:46.000Z,0,0,2,2.5
2D8F6BE7-E40E-4F02-9DB3-A72C2DF7574E,2018-08-31T11:48:46.000Z,0,0,2,2.5
2D8F6BE7-E40E-4F02-9DB3-A72C2DF7574E,2018-08-31T10:48:46.000Z,0,0,2,2.5
2D8F6BE7-E40E-4F02-9DB3-A72C2DF7574E,2018-08-31T09:48:46.000Z,0,0,2,2.5
2D8F6BE7-E40E-4F02-9DB3-A72C2DF7574E,2018-08-31T08:48:46.000Z,0,0,2,2.5
2D8F6BE7-E40E-4F02-9DB3-A72C2DF7574E,2018-08-31T07:48:46.000Z,0,0,2,2.5
2D8F6BE7-E40E-4F02-9DB3-A72C2DF7574E,2018-08-31T06:48:46.000Z,0,0,2,2.5
2D8F6BE7-E40E-4F02-9DB3-A72C2DF7574E,2018-08-31T05:48:46.000Z,0,0,2,2.5
2D8F6BE7-E40E-4F02-9DB3-A72C2DF7574E,2018-08-31T04:48:46.000Z,0,0,2,2.5
2D8F6BE7-E40E-4F02-9DB3-A72C2DF7574E,2018-08-31T03:48:46.000Z,0,0,2,2.5
2D8F6BE7-E40E-4F02-9DB3-A72C2DF7574E,2018-08-31T02:48:46.000Z,0,0,2,2.5
2D8F6BE7-E40E-4F02-9DB3-A72C2DF7574E,2018-08-31T01:48:46.000Z,0,0,2,2.5
2D8F6BE7-E40E-4F02-9DB3-A72C2DF7574E,2018-08-31T00:48:46.000Z,0,0,2,2.5
2D8F6BE7-E40E-4F02-9DB3-A72C2DF7574E,2018-08-30T23:48:46.000Z,0,0,1,4.4
2D8F6BE7-E40E-4F02-9DB3-A72C2DF7574E,2018-08-30T22:48:46.000Z,0,0,1,4.4
2D8F6BE7-E40E-4F02-9DB3-A72C2DF7574E,2018-08-30T21:48:46.000Z,0,0,1,4.4
2D8F6BE7-E40E-4F02-9DB3-A72C2DF7574E,2018-08-30T20:48:46.000Z,0,0,1,4.4
2D8F6BE7-E40E-4F02-9DB3-A72C2DF7574E,2018-08-30T19:48:46.000Z,0,0,1,4.4
2D8F6BE7-E40E-4F02-9DB3-A72C2DF7574E,2018-08-30T18:48:46.000Z,0,0,1,4.4
2D8F6BE7-E40E-4F02-9DB3-A72C2DF7574E,2018-08-30T17:48:46.000Z,0,0,1,4.4
2D8F6BE7-E40E-4F02-9DB3-A72C2DF7574E,2018-08-30T16:48:46.000Z,0,0,1,4.4
2D8F6BE7-E40E-4F02-9DB3-A72C2DF7574E,2018-08-30T15:48:46.000Z,0,0,1,4.4
2D8F6BE7-E40E-4F02-9DB3-A72C2DF7574E,2018-08-30T14:48:46.000Z,0,0,1,4.4
2D8F6BE7-E40E-4F02-9DB3-A72C2DF7574E,2018-08-30T13:48:46.000Z,0,0,1,4.4
2D8F6BE7-E40E-4F02-9DB3-A72C2DF7574E,2018-08-30T12:48:46.000Z,0,0,1,4.4
2D8F6BE7-E40E-4F02-9DB3-A72C2DF7574E,2018-08-30T11:48:46.000Z,0,0,1,4.4
2D8F6BE7-E40E-4F02-9DB3-A72C2DF7574E,2018-08-30T10:48:46.000Z,0,0,1,4.4
2D8F6BE7-E40E-4F02-9DB3-A72C2DF7574E,2018-08-30T09:48:46.000Z,0,0,1,4.4
2D8F6BE7-E40E-4F02-9DB3-A72C2DF7574E,2018-08-30T08:48:46.000Z,0,0,1,4.4
2D8F6BE7-E40E-4F02-9DB3-A72C2DF7574E,2018-08-30T07:48:46.000Z,0,0,1,4.4
2D8F6BE7-E40E-4F02-9DB3-A72C2DF7574E,2018-08-30T06:48:46.000Z,0,0,1,4.4
2D8F6BE7-E40E-4F02-9DB3-A72C2DF7574E,2018-08-30T05:48:46.000Z,0,0,1,4.4
2D8F6BE7-E40E-4F02-9DB3-A72C2DF7574E,2018-08-30T04:48:46.000Z,0,0,1,4.4
2D8F6BE7-E40E-4F02-9DB3-A72C2DF7574E,2018-08-30T03:48:46.000Z,0,0,1,4.4
2D8F6BE7-E40E-4F02-9DB3-A72C2DF7574E,2018-08-30T02:48:46.000Z,0,0,1,4.4
2D8F6BE7-E40E-4F02-9DB3-A72C2DF7574E,2018-08-30T01:48:46.000Z,0,0,1,4.4
2D8F6BE7-E40E-4F02-9DB3-A72C2DF7574E,2018-08-30T00:48:46.000Z,0,0,1,4.4
2D8F6BE7-E40E-4F02-9DB3-A72C2DF7574E,2018-08-29T23:48:46.000Z,0,0,2,2.5
2D8F6BE7-E40E-4F02-9DB3-A72C2DF7574E,2018-08-29T22:48:46.000Z,0,0,2,2.5
2D8F6BE7-E40E-4F02-9DB3-A72C2DF7574E,2018-08-29T21:48:46.000Z,0,0,2,2.5
2D8F6BE7-E40E-4F02-9DB3-A72C2DF7574E,2018-08-29T20:48:46.000Z,0,0,2,2.5
2D8F6BE7-E40E-4F02-9DB3-A72C2DF7574E,2018-08-29T19:48:46.000Z,0,0,2,2.5
2D8F6BE7-E40E-4F02-9DB3-A72C2DF7574E,2018-08-29T18:48:46.000Z,0,0,2,2.5
2D8F6BE7-E40E-4F02-9DB3-A72C2DF7574E,2018-08-29T17:48:46.000Z,0,0,2,2.5
2D8F6BE7-E40E-4F02-9DB3-A72C2DF7574E,2018-08-29T16:48:46.000Z,0,0,2,2.5
2D8F6BE7-E40E-4F02-9DB3-A72C2DF7574E,2018-08-29T15:48:46.000Z,0,0,2,2.5
2D8F6BE7-E40E-4F02-9DB3-A72C2DF7574E,2018-08-29T14:48:46.000Z,0,0,2,2.5
2D8F6BE7-E40E-4F02-9DB3-A72C2DF7574E,2018-08-29T13:48:46.000Z,0,0,2,2.5
2D8F6BE7-E40E-4F02-9DB3-A72C2DF7574E,2018-08-29T12:48:46.000Z,0,0,2,2.5
2D8F6BE7-E40E-4F02-9DB3-A72C2DF7574E,2018-08-29T11:48:46.000Z,0,0,2,2.5
2D8F6BE7-E40E-4F02-9DB3-A72C2DF7574E,2018-08-29T10:48:46.000Z,0,0,2,2.5
2D8F6BE7-E40E-4F02-9DB3-A72C2DF7574E,2018-08-29T09:48:46.000Z,0,0,2,2.5
2D8F6BE7-E40E-4F02-9DB3-A72C2DF7574E,2018-08-29T08:48:46.000Z,0,0,2,2.5
2D8F6BE7-E40E-4F02-9DB3-A72C2DF7574E,2018-08-29T07:48:46.000Z,0,0,2,2.5
2D8F6BE7-E40E-4F02-9DB3-A72C2DF7574E,2018-08-29T06:48:46.000Z,0,0,2,2.5
2D8F6BE7-E40E-4F02-9DB3-A72C2DF7574E,2018-08-29T05:48:46.000Z,0,0,2,2.5
2D8F6BE7-E40E-4F02-9DB3-A72C2DF7574E,2018-08-29T04:48:46.000Z,0,0,2,2.5
2D8F6BE7-E40E-4F02-9DB3-A72C2DF7574E,2018-08-29T03:48:46.000Z,0,0,2,2.5
2D8F6BE7-E40E-4F02-9DB3-A72C2DF7574E,2018-08-29T02:48:46.000Z,0,0,2,2.5
2D8F6BE7-E40E-4F02-9DB3-A72C2DF7574E,2018-08-29T01:48:46.000Z,0,0,2,2.5
2D8F6BE7-E40E-4F02-9DB3-A72C2DF7574E,2018-08-29T00:48:46.000Z,0,0,2,2.5
2D8F6BE7-E40E-4F02-9DB3-A72C2DF7574E,2018-08-28T23:48:46.000Z,0,0,2,4.4
2D8F6BE7-E40E-4F02-9DB3-A72C2DF7574E,2018-08-28T22:48:46.000Z,0,0,2,4.4
2D8F6BE7-E40E-4F02-9DB3-A72C2DF7574E,2018-08-28T21:48:46.000Z,0,0,2,4.4
2D8F6BE7-E40E-4F02-9DB3-A72C2DF7574E,2018-08-28T20:48:46.000Z,0,0,2,4.4
2D8F6BE7-E40E-4F02-9DB3-A72C2DF7574E,2018-08-28T19:48:46.000Z,0,0,2,4.4
2D8F6BE7-E40E-4F02-9DB3-A72C2DF7574E,2018-08-28T18:48:46.000Z,0,0,2,4.4
2D8F6BE7-E40E-4F02-9DB3-A72C2DF7574E,2018-08-28T17:48:46.000Z,0,0,2,4.4
2D8F6BE7-E40E-4F02-9DB3-A72C2DF7574E,2018-08-28T16:48:46.000Z,0,0,2,4.4
2D8F6BE7-E40E-4F02-9DB3-A72C2DF7574E,2018-08-28T15:48:46.000Z,0,0,2,4.4
2D8F6BE7-E40E-4F02-9DB3-A72C2DF7574E,2018-08-28T14:48:46.000Z,0,0,2,4.4
2D8F6BE7-E40E-4F02-9DB3-A72C2DF7574E,2018-08-28T13:48:46.000Z,0,0,2,4.4
2D8F6BE7-E40E-4F02-9DB3-A72C2DF7574E,2018-08-28T12:48:46.000Z,0,0,2,4.4
2D8F6BE7-E40E-4F02-9DB3-A72C2DF7574E,2018-08-28T11:48:46.000Z,0,0,2,4.4
2D8F6BE7-E40E-4F02-9DB3-A72C2DF7574E,2018-08-28T10:48:46.000Z,0,0,2,4.4
2D8F6BE7-E40E-4F02-9DB3-A72C2DF7574E,2018-08-28T09:48:46.000Z,0,0,2,4.4
2D8F6BE7-E40E-4F02-9DB3-A72C2DF7574E,2018-08-28T08:48:46.000Z,0,0,2,4.4
2D8F6BE7-E40E-4F02-9DB3-A72C2DF7574E,2018-08-28T07:48:46.000Z,0,0,2,4.4
2D8F6BE7-E40E-4F02-9DB3-A72C2DF7574E,2018-08-28T06:48:46.000Z,0,0,2,4.4
2D8F6BE7-E40E-4F02-9DB3-A72C2DF7574E,2018-08-28T05:48:46.000Z,0,0,2,4.4
2D8F6BE7-E40E-4F02-9DB3-A72C2DF7574E,2018-08-28T04:48:46.000Z,0,0,2,4.4
2D8F6BE7-E40E-4F02-9DB3-A72C2DF7574E,2018-08-28T03:48:46.000Z,0,0,2,4.4
2D8F6BE7-E40E-4F02-9DB3-A72C2DF7574E,2018-08-28T02:48:46.000Z,0,0,2,4.4
2D8F6BE7-E40E-4F02-9DB3-A72C2DF7574E,2018-08-28T01:53:46.000Z,0,0,2,4.4
2D8F6BE7-E40E-4F02-9DB3-A72C2DF7574E,2018-08-28T01:48:46.000Z,0,0,2,4.4
2D8F6BE7-E40E-4F02-9DB3-A72C2DF7574E,2018-08-28T01:43:46.000Z,0,0,2,4.4
2D8F6BE7-E40E-4F02-9DB3-A72C2DF7574E,2018-08-28T01:38:46.000Z,0,0,2,4.4
2D8F6BE7-E40E-4F02-9DB3-A72C2DF7574E,2018-08-28T01:33:46.000Z,0.2,0,2,4.4
2D8F6BE7-E40E-4F02-9DB3-A72C2DF7574E,2018-08-28T00:48:46.000Z,0,0,2,4.4
2D8F6BE7-E40E-4F02-9DB3-A72C2DF7574E,2018-08-28T00:18:46.000Z,0,0,2,4.4
2D8F6BE7-E40E-4F02-9DB3-A72C2DF7574E,2018-08-28T00:13:46.000Z,0,0,2,4.4
2D8F6BE7-E40E-4F02-9DB3-A72C2DF7574E,2018-08-28T00:08:46.000Z,0,0,2,4.4
2D8F6BE7-E40E-4F02-9DB3-A72C2DF7574E,2018-08-28T00:03:46.000Z,0,0,2,4.4
2D8F6BE7-E40E-4F02-9DB3-A72C2DF7574E,2018-08-27T23:58:46.000Z,0.2,0,2,2.5
2D8F6BE7-E40E-4F02-9DB3-A72C2DF7574E,2018-08-27T23:53:46.000Z,0,0,2,2.5
2D8F6BE7-E40E-4F02-9DB3-A72C2DF7574E,2018-08-27T23:48:46.000Z,0,0,2,2.5
2D8F6BE7-E40E-4F02-9DB3-A72C2DF7574E,2018-08-27T23:43:46.000Z,0.2,0,2,2.5
2D8F6BE7-E40E-4F02-9DB3-A72C2DF7574E,2018-08-27T23:38:46.000Z,0,0,2,2.5
2D8F6BE7-E40E-4F02-9DB3-A72C2DF7574E,2018-08-27T23:33:46.000Z,0,0,2,2.5
2D8F6BE7-E40E-4F02-9DB3-A72C2DF7574E,2018-08-27T23:28:46.000Z,0,0,2,2.5
2D8F6BE7-E40E-4F02-9DB3-A72C2DF7574E,2018-08-27T23:23:46.000Z,0.2,0,2,2.5
2D8F6BE7-E40E-4F02-9DB3-A72C2DF7574E,2018-08-27T22:48:46.000Z,0,0,2,2.5
2D8F6BE7-E40E-4F02-9DB3-A72C2DF7574E,2018-08-27T21:48:46.000Z,0,0,2,2.5
2D8F6BE7-E40E-4F02-9DB3-A72C2DF7574E,2018-08-27T20:48:46.000Z,0,0,2,2.5
2D8F6BE7-E40E-4F02-9DB3-A72C2DF7574E,2018-08-27T19:48:46.000Z,0,0,2,2.5
2D8F6BE7-E40E-4F02-9DB3-A72C2DF7574E,2018-08-27T18:48:46.000Z,0,0,2,2.5
2D8F6BE7-E40E-4F02-9DB3-A72C2DF7574E,2018-08-27T17:48:46.000Z,0,0,2,2.5
2D8F6BE7-E40E-4F02-9DB3-A72C2DF7574E,2018-08-27T16:48:46.000Z,0,0,2,2.5
2D8F6BE7-E40E-4F02-9DB3-A72C2DF7574E,2018-08-27T15:48:46.000Z,0,0,2,2.5
2D8F6BE7-E40E-4F02-9DB3-A72C2DF7574E,2018-08-27T14:48:46.000Z,0,0,2,2.5
2D8F6BE7-E40E-4F02-9DB3-A72C2DF7574E,2018-08-27T13:48:46.000Z,0,0,2,2.5
2D8F6BE7-E40E-4F02-9DB3-A72C2DF7574E,2018-08-27T12:48:46.000Z,0,0,2,2.5
2D8F6BE7-E40E-4F02-9DB3-A72C2DF7574E,2018-08-27T11:48:46.000Z,0,0,2,2.5
2D8F6BE7-E40E-4F02-9DB3-A72C2DF7574E,2018-08-27T10:48:46.000Z,0,0,2,2.5
2D8F6BE7-E40E-4F02-9DB3-A72C2DF7574E,2018-08-27T09:48:46.000Z,0,0,2,2.5
2D8F6BE7-E40E-4F02-9DB3-A72C2DF7574E,2018-08-27T08:48:46.000Z,0,0,2,2.5
2D8F6BE7-E40E-4F02-9DB3-A72C2DF7574E,2018-08-27T07:48:46.000Z,0,0,2,2.5
2D8F6BE7-E40E-4F02-9DB3-A72C2DF7574E,2018-08-27T07:38:46.000Z,0,0,2,2.5
2D8F6BE7-E40E-4F02-9DB3-A72C2DF7574E,2018-08-27T07:33:46.000Z,0,0,2,2.5
2D8F6BE7-E40E-4F02-9DB3-A72C2DF7574E,2018-08-27T07:28:46.000Z,0,0,2,2.5
2D8F6BE7-E40E-4F02-9DB3-A72C2DF7574E,2018-08-27T07:23:46.000Z,0,0,2,2.5
2D8F6BE7-E40E-4F02-9DB3-A72C2DF7574E,2018-08-27T07:18:46.000Z,0.2,0,2,2.5
2D8F6BE7-E40E-4F02-9DB3-A72C2DF7574E,2018-08-27T06:48:46.000Z,0,0,2,2.5
2D8F6BE7-E40E-4F02-9DB3-A72C2DF7574E,2018-08-27T05:48:46.000Z,0,0,2,2.5
2D8F6BE7-E40E-4F02-9DB3-A72C2DF7574E,2018-08-27T04:48:46.000Z,0,0,2,2.5
2D8F6BE7-E40E-4F02-9DB3-A72C2DF7574E,2018-08-27T03:48:46.000Z,0,0,2,2.5
2D8F6BE7-E40E-4F02-9DB3-A72C2DF7574E,2018-08-27T02:48:46.000Z,0,0,2,2.5
2D8F6BE7-E40E-4F02-9DB3-A72C2DF7574E,2018-08-27T01:48:46.000Z,0,0,2,2.5
2D8F6BE7-E40E-4F02-9DB3-A72C2DF7574E,2018-08-27T00:48:46.000Z,0,0,2,2.5
2D8F6BE7-E40E-4F02-9DB3-A72C2DF7574E,2018-08-26T23:48:46.000Z,0,0,3,2.5
2D8F6BE7-E40E-4F02-9DB3-A72C2DF7574E,2018-08-26T22:48:46.000Z,0,0,3,2.5
2D8F6BE7-E40E-4F02-9DB3-A72C2DF7574E,2018-08-26T22:03:46.000Z,0,0,3,2.5
2D8F6BE7-E40E-4F02-9DB3-A72C2DF7574E,2018-08-26T21:58:46.000Z,0,0,3,2.5
2D8F6BE7-E40E-4F02-9DB3-A72C2DF7574E,2018-08-26T21:53:46.000Z,0,0,3,2.5
2D8F6BE7-E40E-4F02-9DB3-A72C2DF7574E,2018-08-26T21:48:46.000Z,0,0,3,2.5
2D8F6BE7-E40E-4F02-9DB3-A72C2DF7574E,2018-08-26T21:43:46.000Z,0.2,0,3,2.5
2D8F6BE7-E40E-4F02-9DB3-A72C2DF7574E,2018-08-26T21:38:46.000Z,0,0,3,2.5
2D8F6BE7-E40E-4F02-9DB3-A72C2DF7574E,2018-08-26T21:33:46.000Z,0,0,3,2.5
2D8F6BE7-E40E-4F02-9DB3-A72C2DF7574E,2018-08-26T21:28:46.000Z,0.4,0,3,2.5
2D8F6BE7-E40E-4F02-9DB3-A72C2DF7574E,2018-08-26T20:48:46.000Z,0,0,3,2.5
2D8F6BE7-E40E-4F02-9DB3-A72C2DF7574E,2018-08-26T19:48:46.000Z,0,0,3,2.5
2D8F6BE7-E40E-4F02-9DB3-A72C2DF7574E,2018-08-26T18:58:46.000Z,0,0,3,2.5
2D8F6BE7-E40E-4F02-9DB3-A72C2DF7574E,2018-08-26T18:53:46.000Z,0,0,3,2.5
2D8F6BE7-E40E-4F02-9DB3-A72C2DF7574E,2018-08-26T18:48:46.000Z,0,0,3,2.5
2D8F6BE7-E40E-4F02-9DB3-A72C2DF7574E,2018-08-26T18:43:46.000Z,0,0,3,2.5
2D8F6BE7-E40E-4F02-9DB3-A72C2DF7574E,2018-08-26T18:38:46.000Z,0.2,0,3,2.5
2D8F6BE7-E40E-4F02-9DB3-A72C2DF7574E,2018-08-26T18:33:46.000Z,0,0,3,2.5
2D8F6BE7-E40E-4F02-9DB3-A72C2DF7574E,2018-08-26T18:28:46.000Z,0,0,3,2.5
2D8F6BE7-E40E-4F02-9DB3-A72C2DF7574E,2018-08-26T18:23:46.000Z,0,0,3,2.5
2D8F6BE7-E40E-4F02-9DB3-A72C2DF7574E,2018-08-26T18:18:46.000Z,0.2,0,3,2.5
2D8F6BE7-E40E-4F02-9DB3-A72C2DF7574E,2018-08-26T17:48:46.000Z,0,0,3,2.5
2D8F6BE7-E40E-4F02-9DB3-A72C2DF7574E,2018-08-26T16:48:46.000Z,0,0,3,2.5
2D8F6BE7-E40E-4F02-9DB3-A72C2DF7574E,2018-08-26T15:48:46.000Z,0,0,3,2.5
2D8F6BE7-E40E-4F02-9DB3-A72C2DF7574E,2018-08-26T14:48:46.000Z,0,0,3,2.5
2D8F6BE7-E40E-4F02-9DB3-A72C2DF7574E,2018-08-26T14:38:46.000Z,0,0,3,2.5
2D8F6BE7-E40E-4F02-9DB3-A72C2DF7574E,2018-08-26T14:33:46.000Z,0,0,3,2.5
2D8F6BE7-E40E-4F02-9DB3-A72C2DF7574E,2018-08-26T14:28:46.000Z,0,0,3,2.5
2D8F6BE7-E40E-4F02-9DB3-A72C2DF7574E,2018-08-26T14:23:46.000Z,0,0,3,2.5
2D8F6BE7-E40E-4F02-9DB3-A72C2DF7574E,2018-08-26T14:18:46.000Z,0.6,0,3,2.5
2D8F6BE7-E40E-4F02-9DB3-A72C2DF7574E,2018-08-26T13:48:46.000Z,0,0,3,2.5
2D8F6BE7-E40E-4F02-9DB3-A72C2DF7574E,2018-08-26T12:48:46.000Z,0,0,3,2.5
2D8F6BE7-E40E-4F02-9DB3-A72C2DF7574E,2018-08-26T11:48:46.000Z,0,0,3,2.5
2D8F6BE7-E40E-4F02-9DB3-A72C2DF7574E,2018-08-26T10:48:46.000Z,0,0,3,2.5
2D8F6BE7-E40E-4F02-9DB3-A72C2DF7574E,2018-08-26T09:48:46.000Z,0,0,3,2.5
2D8F6BE7-E40E-4F02-9DB3-A72C2DF7574E,2018-08-26T08:48:46.000Z,0,0,3,2.5
2D8F6BE7-E40E-4F02-9DB3-A72C2DF7574E,2018-08-26T07:48:46.000Z,0,0,3,2.5
2D8F6BE7-E40E-4F02-9DB3-A72C2DF7574E,2018-08-26T06:48:46.000Z,0,0,3,2.5
2D8F6BE7-E40E-4F02-9DB3-A72C2DF7574E,2018-08-26T05:48:46.000Z,0,0,3,2.5
2D8F6BE7-E40E-4F02-9DB3-A72C2DF7574E,2018-08-26T05:03:46.000Z,0,0,3,2.5
2D8F6BE7-E40E-4F02-9DB3-A72C2DF7574E,2018-08-26T04:58:46.000Z,0,0,3,2.5
2D8F6BE7-E40E-4F02-9DB3-A72C2DF7574E,2018-08-26T04:53:46.000Z,0,0,3,2.5
2D8F6BE7-E40E-4F02-9DB3-A72C2DF7574E,2018-08-26T04:48:46.000Z,0,0,3,2.5
2D8F6BE7-E40E-4F02-9DB3-A72C2DF7574E,2018-08-26T04:43:46.000Z,0.2,0,3,2.5
2D8F6BE7-E40E-4F02-9DB3-A72C2DF7574E,2018-08-26T04:33:46.000Z,0,0,3,2.5
2D8F6BE7-E40E-4F02-9DB3-A72C2DF7574E,2018-08-26T04:28:46.000Z,0,0,3,2.5
2D8F6BE7-E40E-4F02-9DB3-A72C2DF7574E,2018-08-26T04:23:46.000Z,0,0,3,2.5
2D8F6BE7-E40E-4F02-9DB3-A72C2DF7574E,2018-08-26T04:18:46.000Z,0,0,3,2.5
2D8F6BE7-E40E-4F02-9DB3-A72C2DF7574E,2018-08-26T04:13:46.000Z,0.2,0,3,2.5
2D8F6BE7-E40E-4F02-9DB3-A72C2DF7574E,2018-08-26T04:08:46.000Z,0.2,0,3,2.5
2D8F6BE7-E40E-4F02-9DB3-A72C2DF7574E,2018-08-26T04:03:46.000Z,0,0,3,2.5
2D8F6BE7-E40E-4F02-9DB3-A72C2DF7574E,2018-08-26T03:58:46.000Z,0.4,0,3,2.5
2D8F6BE7-E40E-4F02-9DB3-A72C2DF7574E,2018-08-26T03:53:46.000Z,0.4,0,3,2.5
2D8F6BE7-E40E-4F02-9DB3-A72C2DF7574E,2018-08-26T03:48:46.000Z,0.2,0,3,2.5
2D8F6BE7-E40E-4F02-9DB3-A72C2DF7574E,2018-08-26T02:48:46.000Z,0,0,3,2.5
2D8F6BE7-E40E-4F02-9DB3-A72C2DF7574E,2018-08-26T01:48:46.000Z,0,0,3,2.5
2D8F6BE7-E40E-4F02-9DB3-A72C2DF7574E,2018-08-26T00:48:46.000Z,0,0,3,2.5
2D8F6BE7-E40E-4F02-9DB3-A72C2DF7574E,2018-08-26T00:28:46.000Z,0,0,3,2.5
2D8F6BE7-E40E-4F02-9DB3-A72C2DF7574E,2018-08-26T00:23:46.000Z,0,0,3,2.5
2D8F6BE7-E40E-4F02-9DB3-A72C2DF7574E,2018-08-26T00:18:46.000Z,0,0,3,2.5
2D8F6BE7-E40E-4F02-9DB3-A72C2DF7574E,2018-08-26T00:13:46.000Z,0,0,3,2.5
2D8F6BE7-E40E-4F02-9DB3-A72C2DF7574E,2018-08-26T00:08:46.000Z,0.2,0,3,2.5
2D8F6BE7-E40E-4F02-9DB3-A72C2DF7574E,2018-08-26T00:03:46.000Z,0.4,0,3,2.5
2D8F6BE7-E40E-4F02-9DB3-A72C2DF7574E,2018-08-25T23:58:46.000Z,0.6,0,3,2.5
2D8F6BE7-E40E-4F02-9DB3-A72C2DF7574E,2018-08-25T23:53:46.000Z,0,0,3,2.5
2D8F6BE7-E40E-4F02-9DB3-A72C2DF7574E,2018-08-25T23:48:46.000Z,0.6,0,3,2.5
2D8F6BE7-E40E-4F02-9DB3-A72C2DF7574E,2018-08-25T23:43:46.000Z,0.4,0,3,2.5
2D8F6BE7-E40E-4F02-9DB3-A72C2DF7574E,2018-08-25T23:38:46.000Z,0.2,0,3,2.5
2D8F6BE7-E40E-4F02-9DB3-A72C2DF7574E,2018-08-25T23:33:46.000Z,0.2,0,3,2.5
2D8F6BE7-E40E-4F02-9DB3-A72C2DF7574E,2018-08-25T23:28:46.000Z,0.2,0,3,2.5
2D8F6BE7-E40E-4F02-9DB3-A72C2DF7574E,2018-08-25T23:23:46.000Z,0,0,3,2.5
2D8F6BE7-E40E-4F02-9DB3-A72C2DF7574E,2018-08-25T23:18:46.000Z,0.2,0,3,2.5
2D8F6BE7-E40E-4F02-9DB3-A72C2DF7574E,2018-08-25T23:13:46.000Z,0.2,0,3,2.5
2D8F6BE7-E40E-4F02-9DB3-A72C2DF7574E,2018-08-25T22:48:46.000Z,0,0,3,2.5
2D8F6BE7-E40E-4F02-9DB3-A72C2DF7574E,2018-08-25T22:43:46.000Z,0,0,3,2.5
2D8F6BE7-E40E-4F02-9DB3-A72C2DF7574E,2018-08-25T22:38:46.000Z,0,0,3,2.5
2D8F6BE7-E40E-4F02-9DB3-A72C2DF7574E,2018-08-25T22:33:46.000Z,0,0,3,2.5
2D8F6BE7-E40E-4F02-9DB3-A72C2DF7574E,2018-08-25T22:28:46.000Z,0.2,0,3,2.5
2D8F6BE7-E40E-4F02-9DB3-A72C2DF7574E,2018-08-25T22:23:46.000Z,0.2,0,3,2.5
2D8F6BE7-E40E-4F02-9DB3-A72C2DF7574E,2018-08-25T22:18:46.000Z,0,0,3,2.5
2D8F6BE7-E40E-4F02-9DB3-A72C2DF7574E,2018-08-25T22:13:46.000Z,0.2,0,3,2.5
2D8F6BE7-E40E-4F02-9DB3-A72C2DF7574E,2018-08-25T22:08:46.000Z,0.2,0,3,2.5
2D8F6BE7-E40E-4F02-9DB3-A72C2DF7574E,2018-08-25T22:03:46.000Z,0.4,0,3,2.5
2D8F6BE7-E40E-4F02-9DB3-A72C2DF7574E,2018-08-25T21:58:46.000Z,0.4,0,3,2.5
2D8F6BE7-E40E-4F02-9DB3-A72C2DF7574E,2018-08-25T21:53:46.000Z,0.4,0,3,2.5
2D8F6BE7-E40E-4F02-9DB3-A72C2DF7574E,2018-08-25T21:48:46.000Z,0.4,0,3,2.5
2D8F6BE7-E40E-4F02-9DB3-A72C2DF7574E,2018-08-25T21:43:46.000Z,0.4,0,3,2.5
2D8F6BE7-E40E-4F02-9DB3-A72C2DF7574E,2018-08-25T21:38:46.000Z,0.4,0,3,2.5
2D8F6BE7-E40E-4F02-9DB3-A72C2DF7574E,2018-08-25T21:28:46.000Z,0,0,3,2.5
2D8F6BE7-E40E-4F02-9DB3-A72C2DF7574E,2018-08-25T21:23:46.000Z,0,0,3,2.5
2D8F6BE7-E40E-4F02-9DB3-A72C2DF7574E,2018-08-25T21:18:46.000Z,0,0,3,2.5
2D8F6BE7-E40E-4F02-9DB3-A72C2DF7574E,2018-08-25T21:13:46.000Z,0,0,3,2.5
2D8F6BE7-E40E-4F02-9DB3-A72C2DF7574E,2018-08-25T21:08:46.000Z,0.2,0,3,2.5
2D8F6BE7-E40E-4F02-9DB3-A72C2DF7574E,2018-08-25T21:03:46.000Z,0,0,3,2.5
2D8F6BE7-E40E-4F02-9DB3-A72C2DF7574E,2018-08-25T20:58:46.000Z,0.2,0,3,2.5
2D8F6BE7-E40E-4F02-9DB3-A72C2DF7574E,2018-08-25T20:53:46.000Z,0,0,3,2.5
2D8F6BE7-E40E-4F02-9DB3-A72C2DF7574E,2018-08-25T20:48:46.000Z,0.4,0,3,2.5
2D8F6BE7-E40E-4F02-9DB3-A72C2DF7574E,2018-08-25T20:43:46.000Z,0.2,10,3,2.5
2D8F6BE7-E40E-4F02-9DB3-A72C2DF7574E,2018-08-25T20:38:46.000Z,0.8,10,3,2.5
2D8F6BE7-E40E-4F02-9DB3-A72C2DF7574E,2018-08-25T20:33:46.000Z,1.4,10,3,2.5
2D8F6BE7-E40E-4F02-9DB3-A72C2DF7574E,2018-08-25T20:28:46.000Z,3.2,30,3,2.5
2D8F6BE7-E40E-4F02-9DB3-A72C2DF7574E,2018-08-25T20:23:46.000Z,4,40,3,2.5
2D8F6BE7-E40E-4F02-9DB3-A72C2DF7574E,2018-08-25T20:18:46.000Z,4.6,30,3,2.5
2D8F6BE7-E40E-4F02-9DB3-A72C2DF7574E,2018-08-25T20:13:46.000Z,5.4,20,3,2.5
2D8F6BE7-E40E-4F02-9DB3-A72C2DF7574E,2018-08-25T20:08:46.000Z,2.6,20,3,2.5
2D8F6BE7-E40E-4F02-9DB3-A72C2DF7574E,2018-08-25T20:03:46.000Z,1.6,10,3,2.5
2D8F6BE7-E40E-4F02-9DB3-A72C2DF7574E,2018-08-25T19:58:46.000Z,1.6,10,3,2.5
2D8F6BE7-E40E-4F02-9DB3-A72C2DF7574E,2018-08-25T19:53:46.000Z,1,0,3,2.5
2D8F6BE7-E40E-4F02-9DB3-A72C2DF7574E,2018-08-25T19:48:46.000Z,0.6,0,3,2.5
2D8F6BE7-E40E-4F02-9DB3-A72C2DF7574E,2018-08-25T19:43:46.000Z,0.4,0,3,2.5
2D8F6BE7-E40E-4F02-9DB3-A72C2DF7574E,2018-08-25T18:48:46.000Z,0,0,3,2.5
2D8F6BE7-E40E-4F02-9DB3-A72C2DF7574E,2018-08-25T17:48:46.000Z,0,0,3,2.5
2D8F6BE7-E40E-4F02-9DB3-A72C2DF7574E,2018-08-25T16:48:46.000Z,0,0,3,2.5
2D8F6BE7-E40E-4F02-9DB3-A72C2DF7574E,2018-08-25T15:48:46.000Z,0,0,3,2.5
2D8F6BE7-E40E-4F02-9DB3-A72C2DF7574E,2018-08-25T14:48:46.000Z,0,0,3,2.5
2D8F6BE7-E40E-4F02-9DB3-A72C2DF7574E,2018-08-25T13:48:46.000Z,0,0,3,2.5
2D8F6BE7-E40E-4F02-9DB3-A72C2DF7574E,2018-08-25T12:48:46.000Z,0,0,3,2.5
2D8F6BE7-E40E-4F02-9DB3-A72C2DF7574E,2018-08-25T11:48:46.000Z,0,0,3,2.5
2D8F6BE7-E40E-4F02-9DB3-A72C2DF7574E,2018-08-25T10:48:46.000Z,0,0,3,2.5
2D8F6BE7-E40E-4F02-9DB3-A72C2DF7574E,2018-08-25T09:48:46.000Z,0,0,3,2.5
2D8F6BE7-E40E-4F02-9DB3-A72C2DF7574E,2018-08-25T09:18:46.000Z,0,0,3,2.5
2D8F6BE7-E40E-4F02-9DB3-A72C2DF7574E,2018-08-25T09:13:46.000Z,0,0,3,2.5
2D8F6BE7-E40E-4F02-9DB3-A72C2DF7574E,2018-08-25T09:08:46.000Z,0,0,3,2.5
2D8F6BE7-E40E-4F02-9DB3-A72C2DF7574E,2018-08-25T09:03:46.000Z,0,0,3,2.5
2D8F6BE7-E40E-4F02-9DB3-A72C2DF7574E,2018-08-25T08:58:46.000Z,0.2,0,3,2.5
2D8F6BE7-E40E-4F02-9DB3-A72C2DF7574E,2018-08-25T08:48:46.000Z,0,0,3,2.5
2D8F6BE7-E40E-4F02-9DB3-A72C2DF7574E,2018-08-25T07:48:46.000Z,0,0,3,2.5
2D8F6BE7-E40E-4F02-9DB3-A72C2DF7574E,2018-08-25T06:48:46.000Z,0,0,3,2.5
2D8F6BE7-E40E-4F02-9DB3-A72C2DF7574E,2018-08-25T05:48:46.000Z,0,0,3,2.5
2D8F6BE7-E40E-4F02-9DB3-A72C2DF7574E,2018-08-25T04:48:46.000Z,0,0,3,2.5
2D8F6BE7-E40E-4F02-9DB3-A72C2DF7574E,2018-08-25T03:48:46.000Z,0,0,3,2.5
2D8F6BE7-E40E-4F02-9DB3-A72C2DF7574E,2018-08-25T02:48:46.000Z,0,0,3,2.5
2D8F6BE7-E40E-4F02-9DB3-A72C2DF7574E,2018-08-25T01:48:46.000Z,0,0,3,2.5
2D8F6BE7-E40E-4F02-9DB3-A72C2DF7574E,2018-08-25T00:48:46.000Z,0,0,3,2.5
2D8F6BE7-E40E-4F02-9DB3-A72C2DF7574E,2018-08-24T23:48:46.000Z,0,0,1,0.9
2D8F6BE7-E40E-4F02-9DB3-A72C2DF7574E,2018-08-24T23:23:46.000Z,0,0,1,0.9
2D8F6BE7-E40E-4F02-9DB3-A72C2DF7574E,2018-08-24T23:18:46.000Z,0,0,1,0.9
2D8F6BE7-E40E-4F02-9DB3-A72C2DF7574E,2018-08-24T23:13:46.000Z,0,0,1,0.9
2D8F6BE7-E40E-4F02-9DB3-A72C2DF7574E,2018-08-24T23:08:46.000Z,0,0,1,0.9
2D8F6BE7-E40E-4F02-9DB3-A72C2DF7574E,2018-08-24T23:03:46.000Z,0.4,0,1,0.9
2D8F6BE7-E40E-4F02-9DB3-A72C2DF7574E,2018-08-24T22:58:46.000Z,0.4,0,1,0.9
2D8F6BE7-E40E-4F02-9DB3-A72C2DF7574E,2018-08-24T22:53:46.000Z,0.4,10,1,0.9
2D8F6BE7-E40E-4F02-9DB3-A72C2DF7574E,2018-08-24T22:48:46.000Z,1.8,10,1,0.9
2D8F6BE7-E40E-4F02-9DB3-A72C2DF7574E,2018-08-24T22:43:46.000Z,4,20,1,0.9
2D8F6BE7-E40E-4F02-9DB3-A72C2DF7574E,2018-08-24T22:38:46.000Z,0.4,0,1,0.9
2D8F6BE7-E40E-4F02-9DB3-A72C2DF7574E,2018-08-24T21:48:46.000Z,0,0,1,0.9
2D8F6BE7-E40E-4F02-9DB3-A72C2DF7574E,2018-08-24T20:48:46.000Z,0,0,1,0.9
2D8F6BE7-E40E-4F02-9DB3-A72C2DF7574E,2018-08-24T20:23:46.000Z,0,0,1,0.9
2D8F6BE7-E40E-4F02-9DB3-A72C2DF7574E,2018-08-24T20:18:46.000Z,0,0,1,0.9
2D8F6BE7-E40E-4F02-9DB3-A72C2DF7574E,2018-08-24T20:13:46.000Z,0,0,1,0.9
2D8F6BE7-E40E-4F02-9DB3-A72C2DF7574E,2018-08-24T20:08:46.000Z,0,0,1,0.9
2D8F6BE7-E40E-4F02-9DB3-A72C2DF7574E,2018-08-24T20:03:46.000Z,0.2,0,1,0.9
2D8F6BE7-E40E-4F02-9DB3-A72C2DF7574E,2018-08-24T19:58:46.000Z,0.4,0,1,0.9
2D8F6BE7-E40E-4F02-9DB3-A72C2DF7574E,2018-08-24T19:53:46.000Z,0.2,0,1,0.9
2D8F6BE7-E40E-4F02-9DB3-A72C2DF7574E,2018-08-24T19:48:46.000Z,0,0,1,0.9
2D8F6BE7-E40E-4F02-9DB3-A72C2DF7574E,2018-08-24T18:48:46.000Z,0,0,1,0.9
2D8F6BE7-E40E-4F02-9DB3-A72C2DF7574E,2018-08-24T17:48:46.000Z,0,0,1,0.9
2D8F6BE7-E40E-4F02-9DB3-A72C2DF7574E,2018-08-24T16:48:46.000Z,0,0,1,0.9
2D8F6BE7-E40E-4F02-9DB3-A72C2DF7574E,2018-08-24T15:48:46.000Z,0,0,1,0.9
2D8F6BE7-E40E-4F02-9DB3-A72C2DF7574E,2018-08-24T14:48:46.000Z,0,0,1,0.9
2D8F6BE7-E40E-4F02-9DB3-A72C2DF7574E,2018-08-24T13:48:46.000Z,0,0,1,0.9
2D8F6BE7-E40E-4F02-9DB3-A72C2DF7574E,2018-08-24T12:48:46.000Z,0,0,1,0.9
2D8F6BE7-E40E-4F02-9DB3-A72C2DF7574E,2018-08-24T11:48:46.000Z,0,0,1,0.9
2D8F6BE7-E40E-4F02-9DB3-A72C2DF7574E,2018-08-24T10:48:46.000Z,0,0,1,0.9
2D8F6BE7-E40E-4F02-9DB3-A72C2DF7574E,2018-08-24T09:48:46.000Z,0,0,1,0.9
2D8F6BE7-E40E-4F02-9DB3-A72C2DF7574E,2018-08-24T08:48:46.000Z,0,0,1,0.9
2D8F6BE7-E40E-4F02-9DB3-A72C2DF7574E,2018-08-24T07:48:46.000Z,0,0,1,0.9
2D8F6BE7-E40E-4F02-9DB3-A72C2DF7574E,2018-08-24T06:48:46.000Z,0,0,1,0.9
2D8F6BE7-E40E-4F02-9DB3-A72C2DF7574E,2018-08-24T05:48:46.000Z,0,0,1,0.9
2D8F6BE7-E40E-4F02-9DB3-A72C2DF7574E,2018-08-24T04:48:46.000Z,0,0,1,0.9
2D8F6BE7-E40E-4F02-9DB3-A72C2DF7574E,2018-08-24T03:48:46.000Z,0,0,1,0.9
2D8F6BE7-E40E-4F02-9DB3-A72C2DF7574E,2018-08-24T02:48:46.000Z,0,0,1,0.9
2D8F6BE7-E40E-4F02-9DB3-A72C2DF7574E,2018-08-24T01:48:46.000Z,0,0,1,0.9
2D8F6BE7-E40E-4F02-9DB3-A72C2DF7574E,2018-08-24T00:48:46.000Z,0,0,1,0.9
2D8F6BE7-E40E-4F02-9DB3-A72C2DF7574E,2018-08-23T23:48:46.000Z,0,0,1,2.5
2D8F6BE7-E40E-4F02-9DB3-A72C2DF7574E,2018-08-23T22:48:46.000Z,0,0,1,2.5
2D8F6BE7-E40E-4F02-9DB3-A72C2DF7574E,2018-08-23T21:48:46.000Z,0,0,1,2.5
2D8F6BE7-E40E-4F02-9DB3-A72C2DF7574E,2018-08-23T20:48:46.000Z,0,0,1,2.5
2D8F6BE7-E40E-4F02-9DB3-A72C2DF7574E,2018-08-23T19:48:46.000Z,0,0,1,2.5
2D8F6BE7-E40E-4F02-9DB3-A72C2DF7574E,2018-08-23T18:48:46.000Z,0,0,1,2.5
2D8F6BE7-E40E-4F02-9DB3-A72C2DF7574E,2018-08-23T17:48:46.000Z,0,0,1,2.5
2D8F6BE7-E40E-4F02-9DB3-A72C2DF7574E,2018-08-23T16:48:46.000Z,0,0,1,2.5
2D8F6BE7-E40E-4F02-9DB3-A72C2DF7574E,2018-08-23T15:48:46.000Z,0,0,1,2.5
2D8F6BE7-E40E-4F02-9DB3-A72C2DF7574E,2018-08-23T14:48:46.000Z,0,0,1,2.5
2D8F6BE7-E40E-4F02-9DB3-A72C2DF7574E,2018-08-23T13:48:46.000Z,0,0,1,2.5
2D8F6BE7-E40E-4F02-9DB3-A72C2DF7574E,2018-08-23T12:48:46.000Z,0,0,1,2.5
2D8F6BE7-E40E-4F02-9DB3-A72C2DF7574E,2018-08-23T11:48:46.000Z,0,0,1,2.5
2D8F6BE7-E40E-4F02-9DB3-A72C2DF7574E,2018-08-23T10:48:46.000Z,0,0,1,2.5
2D8F6BE7-E40E-4F02-9DB3-A72C2DF7574E,2018-08-23T09:48:46.000Z,0,0,1,2.5
2D8F6BE7-E40E-4F02-9DB3-A72C2DF7574E,2018-08-23T08:48:46.000Z,0,0,1,2.5
2D8F6BE7-E40E-4F02-9DB3-A72C2DF7574E,2018-08-23T07:48:46.000Z,0,0,1,2.5
2D8F6BE7-E40E-4F02-9DB3-A72C2DF7574E,2018-08-23T06:48:46.000Z,0,0,1,2.5
2D8F6BE7-E40E-4F02-9DB3-A72C2DF7574E,2018-08-23T05:48:46.000Z,0,0,1,2.5
2D8F6BE7-E40E-4F02-9DB3-A72C2DF7574E,2018-08-23T04:48:46.000Z,0,0,1,2.5
2D8F6BE7-E40E-4F02-9DB3-A72C2DF7574E,2018-08-23T03:48:46.000Z,0,0,1,2.5
2D8F6BE7-E40E-4F02-9DB3-A72C2DF7574E,2018-08-23T02:48:46.000Z,0,0,1,2.5
2D8F6BE7-E40E-4F02-9DB3-A72C2DF7574E,2018-08-23T01:48:46.000Z,0,0,1,2.5
2D8F6BE7-E40E-4F02-9DB3-A72C2DF7574E,2018-08-23T00:48:46.000Z,0,0,1,2.5
2D8F6BE7-E40E-4F02-9DB3-A72C2DF7574E,2018-08-22T23:48:46.000Z,0,0,1,0.9
2D8F6BE7-E40E-4F02-9DB3-A72C2DF7574E,2018-08-22T22:48:46.000Z,0,0,1,0.9
2D8F6BE7-E40E-4F02-9DB3-A72C2DF7574E,2018-08-22T21:48:46.000Z,0,0,1,0.9
2D8F6BE7-E40E-4F02-9DB3-A72C2DF7574E,2018-08-22T20:48:46.000Z,0,0,1,0.9
2D8F6BE7-E40E-4F02-9DB3-A72C2DF7574E,2018-08-22T19:48:46.000Z,0,0,1,0.9
2D8F6BE7-E40E-4F02-9DB3-A72C2DF7574E,2018-08-22T18:48:46.000Z,0,0,1,0.9
2D8F6BE7-E40E-4F02-9DB3-A72C2DF7574E,2018-08-22T17:48:46.000Z,0,0,1,0.9
2D8F6BE7-E40E-4F02-9DB3-A72C2DF7574E,2018-08-22T16:48:46.000Z,0,0,1,0.9
2D8F6BE7-E40E-4F02-9DB3-A72C2DF7574E,2018-08-22T15:48:46.000Z,0,0,1,0.9
2D8F6BE7-E40E-4F02-9DB3-A72C2DF7574E,2018-08-22T14:48:46.000Z,0,0,1,0.9
2D8F6BE7-E40E-4F02-9DB3-A72C2DF7574E,2018-08-22T13:48:46.000Z,0,0,1,0.9
2D8F6BE7-E40E-4F02-9DB3-A72C2DF7574E,2018-08-22T12:48:46.000Z,0,0,1,0.9
2D8F6BE7-E40E-4F02-9DB3-A72C2DF7574E,2018-08-22T11:48:46.000Z,0,0,1,0.9
2D8F6BE7-E40E-4F02-9DB3-A72C2DF7574E,2018-08-22T10:48:46.000Z,0,0,1,0.9
2D8F6BE7-E40E-4F02-9DB3-A72C2DF7574E,2018-08-22T09:48:46.000Z,0,0,1,0.9
2D8F6BE7-E40E-4F02-9DB3-A72C2DF7574E,2018-08-22T08:48:46.000Z,0,0,1,0.9
2D8F6BE7-E40E-4F02-9DB3-A72C2DF7574E,2018-08-22T07:48:46.000Z,0,0,1,0.9
2D8F6BE7-E40E-4F02-9DB3-A72C2DF7574E,2018-08-22T06:48:46.000Z,0,0,1,0.9
2D8F6BE7-E40E-4F02-9DB3-A72C2DF7574E,2018-08-22T05:48:46.000Z,0,0,1,0.9
2D8F6BE7-E40E-4F02-9DB3-A72C2DF7574E,2018-08-22T04:48:46.000Z,0,0,1,0.9
2D8F6BE7-E40E-4F02-9DB3-A72C2DF7574E,2018-08-22T03:48:46.000Z,0,0,1,0.9
2D8F6BE7-E40E-4F02-9DB3-A72C2DF7574E,2018-08-22T02:48:46.000Z,0,0,1,0.9
2D8F6BE7-E40E-4F02-9DB3-A72C2DF7574E,2018-08-22T01:48:46.000Z,0,0,1,0.9
2D8F6BE7-E40E-4F02-9DB3-A72C2DF7574E,2018-08-22T00:48:46.000Z,0,0,1,0.9
2D8F6BE7-E40E-4F02-9DB3-A72C2DF7574E,2018-08-21T23:48:46.000Z,0,0,1,0.9
2D8F6BE7-E40E-4F02-9DB3-A72C2DF7574E,2018-08-21T22:48:46.000Z,0,0,1,0.9
2D8F6BE7-E40E-4F02-9DB3-A72C2DF7574E,2018-08-21T21:48:46.000Z,0,0,1,0.9
2D8F6BE7-E40E-4F02-9DB3-A72C2DF7574E,2018-08-21T20:48:46.000Z,0,0,1,0.9
2D8F6BE7-E40E-4F02-9DB3-A72C2DF7574E,2018-08-21T19:48:46.000Z,0,0,1,0.9
2D8F6BE7-E40E-4F02-9DB3-A72C2DF7574E,2018-08-21T18:48:46.000Z,0,0,1,0.9
2D8F6BE7-E40E-4F02-9DB3-A72C2DF7574E,2018-08-21T17:48:46.000Z,0,0,1,0.9
2D8F6BE7-E40E-4F02-9DB3-A72C2DF7574E,2018-08-21T16:48:46.000Z,0,0,1,0.9
2D8F6BE7-E40E-4F02-9DB3-A72C2DF7574E,2018-08-21T15:48:46.000Z,0,0,1,0.9
2D8F6BE7-E40E-4F02-9DB3-A72C2DF7574E,2018-08-21T14:48:46.000Z,0,0,1,0.9
2D8F6BE7-E40E-4F02-9DB3-A72C2DF7574E,2018-08-21T13:48:46.000Z,0,0,1,0.9
2D8F6BE7-E40E-4F02-9DB3-A72C2DF7574E,2018-08-21T12:48:46.000Z,0,0,1,0.9
2D8F6BE7-E40E-4F02-9DB3-A72C2DF7574E,2018-08-21T11:48:46.000Z,0,0,1,0.9
2D8F6BE7-E40E-4F02-9DB3-A72C2DF7574E,2018-08-21T10:48:46.000Z,0,0,1,0.9
2D8F6BE7-E40E-4F02-9DB3-A72C2DF7574E,2018-08-21T09:48:46.000Z,0,0,1,0.9
2D8F6BE7-E40E-4F02-9DB3-A72C2DF7574E,2018-08-21T08:48:46.000Z,0,0,1,0.9
2D8F6BE7-E40E-4F02-9DB3-A72C2DF7574E,2018-08-21T07:48:46.000Z,0,0,1,0.9
2D8F6BE7-E40E-4F02-9DB3-A72C2DF7574E,2018-08-21T06:48:46.000Z,0,0,1,0.9
2D8F6BE7-E40E-4F02-9DB3-A72C2DF7574E,2018-08-21T05:48:46.000Z,0,0,1,0.9
2D8F6BE7-E40E-4F02-9DB3-A72C2DF7574E,2018-08-21T04:48:46.000Z,0,0,1,0.9
2D8F6BE7-E40E-4F02-9DB3-A72C2DF7574E,2018-08-21T03:48:46.000Z,0,0,1,0.9
2D8F6BE7-E40E-4F02-9DB3-A72C2DF7574E,2018-08-21T02:48:46.000Z,0,0,1,0.9
2D8F6BE7-E40E-4F02-9DB3-A72C2DF7574E,2018-08-21T01:48:46.000Z,0,0,1,0.9
2D8F6BE7-E40E-4F02-9DB3-A72C2DF7574E,2018-08-21T00:48:46.000Z,0,0,1,0.9
2D8F6BE7-E40E-4F02-9DB3-A72C2DF7574E,2018-08-20T23:48:46.000Z,0,0,1,2.5
2D8F6BE7-E40E-4F02-9DB3-A72C2DF7574E,2018-08-20T22:48:46.000Z,0,0,1,2.5
2D8F6BE7-E40E-4F02-9DB3-A72C2DF7574E,2018-08-20T21:48:46.000Z,0,0,1,2.5
2D8F6BE7-E40E-4F02-9DB3-A72C2DF7574E,2018-08-20T20:48:46.000Z,0,0,1,2.5
2D8F6BE7-E40E-4F02-9DB3-A72C2DF7574E,2018-08-20T19:48:46.000Z,0,0,1,2.5
2D8F6BE7-E40E-4F02-9DB3-A72C2DF7574E,2018-08-20T18:48:46.000Z,0,0,1,2.5
2D8F6BE7-E40E-4F02-9DB3-A72C2DF7574E,2018-08-20T17:48:46.000Z,0,0,1,2.5
2D8F6BE7-E40E-4F02-9DB3-A72C2DF7574E,2018-08-20T16:48:46.000Z,0,0,1,2.5
2D8F6BE7-E40E-4F02-9DB3-A72C2DF7574E,2018-08-20T15:48:46.000Z,0,0,1,2.5
2D8F6BE7-E40E-4F02-9DB3-A72C2DF7574E,2018-08-20T14:48:46.000Z,0,0,1,2.5
2D8F6BE7-E40E-4F02-9DB3-A72C2DF7574E,2018-08-20T13:48:46.000Z,0,0,1,2.5
2D8F6BE7-E40E-4F02-9DB3-A72C2DF7574E,2018-08-20T12:48:46.000Z,0,0,1,2.5
2D8F6BE7-E40E-4F02-9DB3-A72C2DF7574E,2018-08-20T11:48:46.000Z,0,0,1,2.5
2D8F6BE7-E40E-4F02-9DB3-A72C2DF7574E,2018-08-20T10:48:46.000Z,0,0,1,2.5
2D8F6BE7-E40E-4F02-9DB3-A72C2DF7574E,2018-08-20T09:48:46.000Z,0,0,1,2.5
2D8F6BE7-E40E-4F02-9DB3-A72C2DF7574E,2018-08-20T08:48:46.000Z,0,0,1,2.5
2D8F6BE7-E40E-4F02-9DB3-A72C2DF7574E,2018-08-20T07:48:46.000Z,0,0,1,2.5
2D8F6BE7-E40E-4F02-9DB3-A72C2DF7574E,2018-08-20T07:47:20.000Z,0,0,1,2.5
2D8F6BE7-E40E-4F02-9DB3-A72C2DF7574E,2018-08-20T07:47:20.000Z,0,0,1,2.5
2D8F6BE7-E40E-4F02-9DB3-A72C2DF7574E,2018-08-20T07:47:20.000Z,0,0,1,2.5
2D8F6BE7-E40E-4F02-9DB3-A72C2DF7574E,2018-08-20T07:47:20.000Z,0,0,1,2.5
